Time,Value
11/29/2016 5:42:05 AM,73
11/29/2016 5:42:20 AM,73
11/29/2016 5:42:35 AM,73
11/29/2016 5:42:50 AM,73
11/29/2016 5:43:05 AM,73
11/29/2016 5:43:20 AM,73
11/29/2016 5:43:35 AM,73
11/29/2016 5:43:50 AM,73
11/29/2016 5:44:05 AM,73
11/29/2016 5:44:20 AM,73
11/29/2016 5:44:35 AM,73
11/29/2016 5:44:50 AM,73
11/29/2016 5:45:05 AM,73
11/29/2016 5:45:20 AM,73
11/29/2016 5:45:35 AM,73
11/29/2016 5:45:50 AM,73
11/29/2016 5:46:05 AM,73
11/29/2016 5:46:20 AM,73
11/29/2016 5:46:35 AM,73
11/29/2016 5:46:50 AM,73
11/29/2016 5:47:05 AM,73
11/29/2016 5:47:20 AM,73
11/29/2016 5:47:35 AM,73
11/29/2016 5:47:40 AM,73
11/29/2016 5:47:55 AM,73
11/29/2016 5:48:10 AM,73
11/29/2016 5:48:25 AM,73
11/29/2016 5:48:40 AM,73
11/29/2016 5:48:55 AM,73
11/29/2016 5:49:10 AM,73
11/29/2016 5:49:25 AM,73
11/29/2016 5:58:30 AM,71
11/29/2016 5:58:40 AM,72
11/29/2016 5:58:45 AM,74
11/29/2016 5:59:00 AM,74
11/29/2016 5:59:15 AM,74
11/29/2016 5:59:30 AM,74
11/29/2016 5:59:45 AM,74
11/29/2016 5:59:50 AM,74
11/29/2016 6:00:05 AM,74
11/29/2016 6:00:20 AM,77
11/29/2016 6:00:30 AM,78
11/29/2016 6:00:45 AM,78
11/29/2016 6:01:00 AM,78
11/29/2016 6:01:15 AM,78
11/29/2016 6:01:20 AM,79
11/29/2016 6:01:35 AM,79
11/29/2016 6:01:50 AM,79
11/29/2016 6:02:05 AM,79
11/29/2016 6:02:20 AM,81
11/29/2016 6:02:25 AM,83
11/29/2016 6:02:40 AM,83
11/29/2016 6:02:55 AM,83
11/29/2016 6:03:10 AM,83
11/29/2016 6:03:20 AM,83
11/29/2016 6:03:30 AM,83
11/29/2016 6:03:45 AM,83
11/29/2016 6:03:50 AM,85
11/29/2016 6:04:05 AM,85
11/29/2016 6:04:20 AM,85
11/29/2016 6:04:35 AM,85
11/29/2016 6:04:50 AM,85
11/29/2016 6:05:05 AM,85
11/29/2016 6:05:20 AM,85
11/29/2016 6:05:35 AM,85
11/29/2016 6:05:50 AM,85
11/29/2016 6:06:05 AM,85
11/29/2016 6:06:20 AM,85
11/29/2016 6:06:35 AM,85
11/29/2016 6:06:50 AM,85
11/29/2016 6:07:05 AM,85
11/29/2016 6:07:20 AM,85
11/29/2016 6:07:35 AM,85
11/29/2016 6:07:50 AM,85
11/29/2016 6:08:05 AM,85
11/29/2016 6:08:20 AM,85
11/29/2016 6:08:35 AM,85
11/29/2016 6:08:50 AM,85
11/29/2016 6:09:05 AM,85
11/29/2016 6:09:20 AM,85
11/29/2016 6:09:35 AM,85
11/29/2016 6:35:00 AM,90
11/29/2016 6:35:10 AM,86
11/29/2016 6:35:20 AM,81
11/29/2016 6:35:35 AM,81
11/29/2016 6:35:50 AM,81
11/29/2016 6:36:05 AM,81
11/29/2016 6:36:20 AM,81
11/29/2016 6:36:35 AM,81
11/29/2016 6:36:50 AM,81
11/29/2016 6:37:05 AM,81
11/29/2016 6:37:20 AM,81
11/29/2016 6:37:35 AM,81
11/29/2016 6:37:50 AM,81
11/29/2016 6:38:05 AM,81
11/29/2016 6:38:10 AM,56
11/29/2016 6:38:20 AM,59
11/29/2016 6:38:30 AM,64
11/29/2016 6:38:45 AM,64
11/29/2016 6:39:00 AM,64
11/29/2016 6:39:15 AM,64
11/29/2016 6:39:30 AM,63
11/29/2016 6:39:40 AM,63
11/29/2016 6:39:55 AM,63
11/29/2016 6:40:00 AM,61
11/29/2016 6:40:15 AM,61
11/29/2016 6:40:30 AM,61
11/29/2016 6:40:45 AM,61
11/29/2016 6:40:50 AM,62
11/29/2016 6:41:05 AM,62
11/29/2016 6:41:15 AM,70
11/29/2016 6:41:30 AM,70
11/29/2016 6:41:45 AM,70
11/29/2016 6:42:00 AM,70
11/29/2016 6:42:15 AM,70
11/29/2016 7:25:20 AM,70
11/29/2016 7:26:00 AM,95
11/29/2016 7:26:05 AM,105
11/29/2016 7:26:10 AM,106
11/29/2016 7:26:20 AM,105
11/29/2016 7:26:30 AM,105
11/29/2016 7:26:35 AM,104
11/29/2016 7:26:40 AM,103
11/29/2016 7:26:50 AM,101
11/29/2016 7:26:55 AM,98
11/29/2016 7:27:10 AM,97
11/29/2016 7:27:20 AM,96
11/29/2016 7:27:25 AM,93
11/29/2016 7:27:30 AM,90
11/29/2016 7:27:45 AM,89
11/29/2016 7:27:55 AM,91
11/29/2016 7:28:00 AM,92
11/29/2016 7:28:15 AM,92
11/29/2016 7:28:25 AM,90
11/29/2016 7:28:35 AM,89
11/29/2016 7:28:40 AM,88
11/29/2016 7:28:45 AM,86
11/29/2016 7:28:50 AM,85
11/29/2016 7:28:55 AM,84
11/29/2016 7:29:00 AM,88
11/29/2016 7:29:05 AM,90
11/29/2016 7:29:10 AM,91
11/29/2016 7:29:15 AM,101
11/29/2016 7:29:20 AM,104
11/29/2016 7:29:25 AM,107
11/29/2016 7:29:30 AM,109
11/29/2016 7:29:35 AM,110
11/29/2016 7:29:40 AM,112
11/29/2016 7:29:55 AM,113
11/29/2016 7:30:05 AM,106
11/29/2016 7:30:10 AM,102
11/29/2016 7:30:15 AM,100
11/29/2016 7:30:20 AM,99
11/29/2016 7:30:25 AM,100
11/29/2016 7:30:30 AM,98
11/29/2016 7:30:35 AM,100
11/29/2016 7:30:45 AM,101
11/29/2016 7:30:50 AM,103
11/29/2016 7:30:55 AM,102
11/29/2016 7:31:00 AM,96
11/29/2016 7:31:05 AM,97
11/29/2016 7:31:10 AM,97
11/29/2016 7:31:25 AM,103
11/29/2016 7:31:30 AM,102
11/29/2016 7:31:35 AM,100
11/29/2016 7:31:40 AM,99
11/29/2016 7:31:50 AM,98
11/29/2016 7:31:55 AM,98
11/29/2016 7:32:00 AM,97
11/29/2016 7:32:15 AM,97
11/29/2016 7:32:20 AM,96
11/29/2016 7:32:25 AM,95
11/29/2016 7:32:35 AM,93
11/29/2016 7:32:40 AM,90
11/29/2016 7:32:45 AM,91
11/29/2016 7:32:50 AM,93
11/29/2016 7:32:55 AM,89
11/29/2016 7:33:00 AM,86
11/29/2016 7:33:05 AM,89
11/29/2016 7:33:10 AM,90
11/29/2016 7:33:15 AM,93
11/29/2016 7:33:20 AM,89
11/29/2016 7:33:25 AM,87
11/29/2016 7:33:30 AM,86
11/29/2016 7:33:35 AM,87
11/29/2016 7:33:40 AM,90
11/29/2016 7:33:50 AM,86
11/29/2016 7:33:55 AM,85
11/29/2016 7:34:00 AM,93
11/29/2016 7:34:10 AM,92
11/29/2016 7:34:20 AM,98
11/29/2016 7:34:30 AM,99
11/29/2016 7:34:40 AM,100
11/29/2016 7:34:50 AM,99
11/29/2016 7:35:00 AM,98
11/29/2016 7:35:05 AM,96
11/29/2016 7:35:15 AM,94
11/29/2016 7:35:30 AM,93
11/29/2016 7:35:45 AM,98
11/29/2016 7:35:50 AM,99
11/29/2016 7:35:55 AM,100
11/29/2016 7:36:00 AM,96
11/29/2016 7:36:05 AM,97
11/29/2016 7:36:10 AM,96
11/29/2016 7:36:25 AM,95
11/29/2016 7:36:30 AM,93
11/29/2016 7:36:35 AM,95
11/29/2016 7:36:40 AM,96
11/29/2016 7:36:45 AM,100
11/29/2016 7:36:50 AM,99
11/29/2016 7:36:55 AM,96
11/29/2016 7:37:10 AM,95
11/29/2016 7:37:15 AM,94
11/29/2016 7:37:25 AM,93
11/29/2016 7:37:30 AM,92
11/29/2016 7:37:40 AM,98
11/29/2016 7:37:50 AM,94
11/29/2016 7:38:00 AM,95
11/29/2016 7:38:10 AM,95
11/29/2016 7:38:20 AM,94
11/29/2016 7:38:35 AM,94
11/29/2016 7:38:50 AM,93
11/29/2016 7:38:55 AM,91
11/29/2016 7:39:00 AM,90
11/29/2016 7:39:05 AM,89
11/29/2016 7:39:10 AM,90
11/29/2016 7:39:15 AM,91
11/29/2016 7:39:20 AM,89
11/29/2016 7:39:25 AM,90
11/29/2016 7:39:35 AM,89
11/29/2016 7:39:40 AM,89
11/29/2016 7:39:50 AM,87
11/29/2016 7:40:00 AM,88
11/29/2016 7:40:05 AM,89
11/29/2016 7:40:10 AM,89
11/29/2016 7:40:15 AM,90
11/29/2016 7:40:20 AM,91
11/29/2016 7:40:25 AM,92
11/29/2016 7:40:30 AM,91
11/29/2016 7:40:40 AM,92
11/29/2016 7:40:50 AM,90
11/29/2016 7:41:05 AM,90
11/29/2016 7:41:10 AM,104
11/29/2016 7:41:20 AM,106
11/29/2016 7:41:30 AM,104
11/29/2016 7:41:35 AM,99
11/29/2016 7:41:50 AM,94
11/29/2016 7:42:00 AM,92
11/29/2016 7:42:05 AM,88
11/29/2016 7:42:10 AM,87
11/29/2016 7:42:20 AM,86
11/29/2016 7:42:30 AM,82
11/29/2016 7:42:40 AM,80
11/29/2016 7:42:50 AM,87
11/29/2016 7:43:00 AM,85
11/29/2016 7:43:05 AM,84
11/29/2016 7:43:10 AM,82
11/29/2016 7:43:20 AM,80
11/29/2016 7:43:30 AM,88
11/29/2016 7:43:40 AM,90
11/29/2016 7:43:50 AM,92
11/29/2016 7:44:05 AM,92
11/29/2016 7:44:20 AM,93
11/29/2016 7:44:30 AM,91
11/29/2016 7:44:40 AM,92
11/29/2016 7:44:50 AM,93
11/29/2016 7:45:00 AM,92
11/29/2016 7:45:10 AM,94
11/29/2016 7:45:20 AM,94
11/29/2016 7:45:30 AM,95
11/29/2016 7:45:35 AM,94
11/29/2016 7:45:40 AM,95
11/29/2016 7:45:45 AM,91
11/29/2016 7:45:50 AM,88
11/29/2016 7:45:55 AM,91
11/29/2016 7:46:00 AM,90
11/29/2016 7:46:05 AM,89
11/29/2016 7:46:10 AM,90
11/29/2016 7:46:15 AM,93
11/29/2016 7:46:20 AM,94
11/29/2016 7:46:25 AM,94
11/29/2016 7:46:35 AM,93
11/29/2016 7:46:50 AM,93
11/29/2016 7:47:05 AM,93
11/29/2016 7:47:10 AM,91
11/29/2016 7:47:25 AM,91
11/29/2016 7:47:30 AM,92
11/29/2016 7:47:40 AM,93
11/29/2016 7:47:55 AM,93
11/29/2016 7:48:00 AM,93
11/29/2016 7:48:05 AM,93
11/29/2016 7:48:20 AM,86
11/29/2016 7:48:35 AM,86
11/29/2016 7:48:45 AM,86
11/29/2016 7:49:00 AM,90
11/29/2016 7:49:10 AM,95
11/29/2016 7:49:20 AM,99
11/29/2016 7:49:35 AM,98
11/29/2016 7:49:40 AM,95
11/29/2016 7:49:50 AM,93
11/29/2016 7:49:55 AM,92
11/29/2016 7:50:05 AM,91
11/29/2016 7:50:20 AM,91
11/29/2016 7:50:35 AM,90
11/29/2016 7:50:40 AM,89
11/29/2016 7:50:50 AM,88
11/29/2016 7:51:05 AM,88
11/29/2016 7:51:20 AM,88
11/29/2016 7:51:25 AM,90
11/29/2016 7:51:30 AM,88
11/29/2016 7:51:40 AM,89
11/29/2016 7:51:50 AM,106
11/29/2016 7:52:00 AM,105
11/29/2016 7:52:10 AM,104
11/29/2016 7:52:15 AM,106
11/29/2016 7:52:20 AM,105
11/29/2016 7:52:35 AM,105
11/29/2016 7:52:40 AM,103
11/29/2016 7:52:45 AM,102
11/29/2016 7:52:50 AM,101
11/29/2016 7:52:55 AM,101
11/29/2016 7:53:10 AM,102
11/29/2016 7:53:20 AM,101
11/29/2016 7:53:30 AM,103
11/29/2016 7:53:40 AM,101
11/29/2016 7:53:55 AM,101
11/29/2016 7:54:05 AM,100
11/29/2016 7:54:10 AM,99
11/29/2016 7:54:20 AM,93
11/29/2016 7:54:35 AM,93
11/29/2016 7:54:40 AM,87
11/29/2016 7:54:50 AM,87
11/29/2016 7:55:05 AM,86
11/29/2016 7:55:10 AM,85
11/29/2016 7:55:20 AM,89
11/29/2016 7:55:25 AM,97
11/29/2016 7:55:30 AM,96
11/29/2016 7:55:40 AM,94
11/29/2016 7:55:45 AM,93
11/29/2016 7:55:55 AM,94
11/29/2016 7:56:00 AM,95
11/29/2016 7:56:05 AM,93
11/29/2016 7:56:20 AM,92
11/29/2016 7:56:25 AM,89
11/29/2016 7:56:30 AM,87
11/29/2016 7:56:35 AM,86
11/29/2016 7:56:40 AM,84
11/29/2016 7:56:50 AM,86
11/29/2016 7:56:55 AM,84
11/29/2016 7:57:10 AM,84
11/29/2016 7:57:20 AM,100
11/29/2016 7:57:25 AM,100
11/29/2016 7:57:40 AM,98
11/29/2016 7:57:50 AM,97
11/29/2016 7:57:55 AM,94
11/29/2016 7:58:00 AM,93
11/29/2016 7:58:10 AM,89
11/29/2016 7:58:20 AM,92
11/29/2016 7:58:35 AM,92
11/29/2016 7:58:40 AM,94
11/29/2016 7:58:50 AM,95
11/29/2016 7:59:05 AM,95
11/29/2016 7:59:10 AM,94
11/29/2016 7:59:20 AM,93
11/29/2016 7:59:30 AM,92
11/29/2016 7:59:35 AM,91
11/29/2016 7:59:40 AM,90
11/29/2016 7:59:50 AM,87
11/29/2016 8:00:00 AM,86
11/29/2016 8:00:05 AM,87
11/29/2016 8:00:15 AM,88
11/29/2016 8:00:20 AM,88
11/29/2016 8:00:25 AM,87
11/29/2016 8:00:30 AM,85
11/29/2016 8:00:40 AM,91
11/29/2016 8:00:45 AM,93
11/29/2016 8:00:50 AM,95
11/29/2016 8:00:55 AM,96
11/29/2016 8:01:00 AM,93
11/29/2016 8:01:10 AM,92
11/29/2016 8:01:25 AM,92
11/29/2016 8:01:40 AM,92
11/29/2016 8:01:45 AM,91
11/29/2016 8:01:50 AM,88
11/29/2016 8:01:55 AM,88
11/29/2016 8:02:10 AM,89
11/29/2016 8:02:15 AM,89
11/29/2016 8:02:20 AM,89
11/29/2016 8:02:35 AM,86
11/29/2016 8:02:50 AM,101
11/29/2016 8:02:55 AM,100
11/29/2016 8:03:10 AM,98
11/29/2016 8:03:15 AM,95
11/29/2016 8:03:30 AM,95
11/29/2016 8:03:45 AM,95
11/29/2016 8:03:50 AM,97
11/29/2016 8:03:55 AM,99
11/29/2016 8:04:00 AM,98
11/29/2016 8:04:10 AM,97
11/29/2016 8:04:15 AM,96
11/29/2016 8:04:25 AM,96
11/29/2016 8:04:40 AM,97
11/29/2016 8:04:55 AM,97
11/29/2016 8:05:00 AM,111
11/29/2016 8:05:15 AM,111
11/29/2016 8:05:20 AM,112
11/29/2016 8:05:35 AM,112
11/29/2016 8:05:40 AM,109
11/29/2016 8:05:45 AM,108
11/29/2016 8:05:50 AM,106
11/29/2016 8:06:00 AM,104
11/29/2016 8:06:15 AM,104
11/29/2016 8:06:20 AM,101
11/29/2016 8:06:30 AM,99
11/29/2016 8:06:45 AM,94
11/29/2016 8:06:50 AM,92
11/29/2016 8:07:00 AM,86
11/29/2016 8:07:10 AM,108
11/29/2016 8:07:20 AM,106
11/29/2016 8:07:25 AM,106
11/29/2016 8:07:40 AM,106
11/29/2016 8:07:45 AM,107
11/29/2016 8:07:50 AM,102
11/29/2016 8:07:55 AM,103
11/29/2016 8:08:00 AM,104
11/29/2016 8:08:15 AM,101
11/29/2016 8:08:20 AM,99
11/29/2016 8:08:30 AM,106
11/29/2016 8:08:35 AM,105
11/29/2016 8:08:45 AM,106
11/29/2016 8:08:50 AM,102
11/29/2016 8:08:55 AM,100
11/29/2016 8:09:00 AM,101
11/29/2016 8:09:05 AM,100
11/29/2016 8:09:10 AM,99
11/29/2016 8:09:15 AM,91
11/29/2016 8:09:20 AM,93
11/29/2016 8:09:25 AM,95
11/29/2016 8:09:30 AM,99
11/29/2016 8:09:45 AM,99
11/29/2016 8:10:00 AM,100
11/29/2016 8:10:10 AM,98
11/29/2016 8:10:25 AM,98
11/29/2016 8:10:30 AM,108
11/29/2016 8:10:40 AM,106
11/29/2016 8:10:45 AM,106
11/29/2016 8:11:00 AM,105
11/29/2016 8:11:05 AM,101
11/29/2016 8:11:10 AM,98
11/29/2016 8:11:15 AM,96
11/29/2016 8:11:25 AM,91
11/29/2016 8:11:40 AM,86
11/29/2016 8:11:50 AM,86
11/29/2016 8:12:00 AM,88
11/29/2016 8:12:05 AM,85
11/29/2016 8:12:10 AM,84
11/29/2016 8:12:15 AM,83
11/29/2016 8:12:25 AM,84
11/29/2016 8:12:30 AM,83
11/29/2016 8:12:35 AM,84
11/29/2016 8:12:40 AM,86
11/29/2016 8:12:55 AM,86
11/29/2016 8:13:00 AM,85
11/29/2016 8:13:15 AM,85
11/29/2016 8:13:25 AM,83
11/29/2016 8:13:40 AM,83
11/29/2016 8:13:50 AM,81
11/29/2016 8:13:55 AM,82
11/29/2016 8:14:00 AM,80
11/29/2016 8:14:05 AM,79
11/29/2016 8:14:20 AM,100
11/29/2016 8:14:30 AM,102
11/29/2016 8:14:35 AM,103
11/29/2016 8:14:45 AM,104
11/29/2016 8:15:00 AM,104
11/29/2016 8:15:10 AM,101
11/29/2016 8:15:20 AM,97
11/29/2016 8:15:25 AM,96
11/29/2016 8:15:30 AM,97
11/29/2016 8:15:40 AM,92
11/29/2016 8:15:45 AM,88
11/29/2016 8:15:50 AM,86
11/29/2016 8:15:55 AM,85
11/29/2016 8:16:00 AM,87
11/29/2016 8:16:05 AM,88
11/29/2016 8:16:10 AM,86
11/29/2016 8:16:15 AM,88
11/29/2016 8:16:20 AM,103
11/29/2016 8:16:35 AM,103
11/29/2016 8:16:45 AM,104
11/29/2016 8:16:50 AM,102
11/29/2016 8:16:55 AM,105
11/29/2016 8:17:00 AM,105
11/29/2016 8:17:15 AM,105
11/29/2016 8:17:30 AM,103
11/29/2016 8:17:35 AM,103
11/29/2016 8:17:50 AM,102
11/29/2016 8:18:05 AM,102
11/29/2016 8:18:20 AM,102
11/29/2016 8:18:30 AM,101
11/29/2016 8:18:40 AM,106
11/29/2016 8:18:50 AM,105
11/29/2016 8:19:00 AM,106
11/29/2016 8:19:05 AM,108
11/29/2016 8:19:20 AM,108
11/29/2016 8:19:35 AM,108
11/29/2016 8:19:40 AM,107
11/29/2016 8:19:50 AM,105
11/29/2016 8:20:00 AM,103
11/29/2016 8:20:05 AM,104
11/29/2016 8:20:15 AM,100
11/29/2016 8:20:20 AM,94
11/29/2016 8:20:25 AM,93
11/29/2016 8:20:40 AM,88
11/29/2016 8:20:50 AM,90
11/29/2016 8:20:55 AM,105
11/29/2016 8:21:00 AM,105
11/29/2016 8:21:05 AM,106
11/29/2016 8:21:10 AM,105
11/29/2016 8:21:20 AM,107
11/29/2016 8:21:30 AM,103
11/29/2016 8:21:35 AM,97
11/29/2016 8:21:50 AM,98
11/29/2016 8:22:00 AM,97
11/29/2016 8:22:10 AM,96
11/29/2016 8:22:20 AM,95
11/29/2016 8:22:25 AM,93
11/29/2016 8:22:30 AM,96
11/29/2016 8:22:40 AM,95
11/29/2016 8:22:50 AM,96
11/29/2016 8:22:55 AM,95
11/29/2016 8:23:00 AM,91
11/29/2016 8:23:10 AM,89
11/29/2016 8:23:15 AM,86
11/29/2016 8:23:25 AM,84
11/29/2016 8:23:35 AM,81
11/29/2016 8:23:40 AM,77
11/29/2016 8:23:45 AM,76
11/29/2016 8:24:00 AM,76
11/29/2016 8:24:10 AM,75
11/29/2016 8:24:15 AM,75
11/29/2016 8:24:20 AM,72
11/29/2016 8:24:25 AM,70
11/29/2016 8:24:40 AM,70
11/29/2016 8:24:55 AM,70
11/29/2016 8:25:10 AM,69
11/29/2016 8:25:15 AM,70
11/29/2016 8:25:20 AM,70
11/29/2016 8:25:30 AM,71
11/29/2016 8:25:35 AM,75
11/29/2016 8:25:40 AM,92
11/29/2016 8:25:45 AM,94
11/29/2016 8:25:55 AM,95
11/29/2016 8:26:00 AM,98
11/29/2016 8:26:05 AM,97
11/29/2016 8:26:15 AM,102
11/29/2016 8:26:20 AM,104
11/29/2016 8:26:25 AM,104
11/29/2016 8:26:35 AM,103
11/29/2016 8:26:50 AM,102
11/29/2016 8:26:55 AM,99
11/29/2016 8:27:00 AM,97
11/29/2016 8:27:05 AM,91
11/29/2016 8:27:10 AM,88
11/29/2016 8:27:20 AM,89
11/29/2016 8:27:35 AM,90
11/29/2016 8:27:45 AM,89
11/29/2016 8:28:00 AM,89
11/29/2016 8:28:10 AM,89
11/29/2016 8:28:25 AM,90
11/29/2016 8:28:30 AM,90
11/29/2016 8:28:45 AM,90
11/29/2016 8:28:50 AM,90
11/29/2016 8:29:00 AM,101
11/29/2016 8:29:10 AM,104
11/29/2016 8:29:25 AM,104
11/29/2016 8:29:30 AM,105
11/29/2016 8:29:35 AM,101
11/29/2016 8:29:40 AM,96
11/29/2016 8:29:45 AM,99
11/29/2016 8:29:50 AM,92
11/29/2016 8:29:55 AM,89
11/29/2016 8:30:00 AM,90
11/29/2016 8:30:10 AM,92
11/29/2016 8:30:20 AM,103
11/29/2016 8:30:30 AM,104
11/29/2016 8:30:40 AM,103
11/29/2016 8:30:50 AM,100
11/29/2016 8:30:55 AM,99
11/29/2016 8:31:00 AM,100
11/29/2016 8:31:10 AM,101
11/29/2016 8:31:15 AM,102
11/29/2016 8:31:20 AM,101
11/29/2016 8:31:25 AM,103
11/29/2016 8:31:40 AM,104
11/29/2016 8:31:55 AM,103
11/29/2016 8:32:00 AM,93
11/29/2016 8:32:05 AM,92
11/29/2016 8:32:20 AM,87
11/29/2016 8:32:25 AM,89
11/29/2016 8:32:30 AM,90
11/29/2016 8:32:40 AM,88
11/29/2016 8:32:45 AM,92
11/29/2016 8:32:50 AM,95
11/29/2016 8:32:55 AM,96
11/29/2016 8:33:00 AM,93
11/29/2016 8:33:05 AM,92
11/29/2016 8:33:15 AM,95
11/29/2016 8:33:20 AM,96
11/29/2016 8:33:25 AM,94
11/29/2016 8:33:35 AM,95
11/29/2016 8:33:40 AM,96
11/29/2016 8:33:45 AM,100
11/29/2016 8:34:00 AM,100
11/29/2016 8:34:15 AM,98
11/29/2016 8:34:30 AM,98
11/29/2016 8:34:45 AM,94
11/29/2016 8:34:50 AM,92
11/29/2016 8:34:55 AM,93
11/29/2016 8:35:05 AM,92
11/29/2016 8:35:10 AM,91
11/29/2016 8:35:15 AM,95
11/29/2016 8:35:20 AM,97
11/29/2016 8:35:25 AM,100
11/29/2016 8:35:30 AM,98
11/29/2016 8:35:35 AM,97
11/29/2016 8:35:50 AM,97
11/29/2016 8:35:55 AM,96
11/29/2016 8:36:00 AM,93
11/29/2016 8:36:10 AM,95
11/29/2016 8:36:15 AM,96
11/29/2016 8:36:30 AM,96
11/29/2016 8:36:35 AM,97
11/29/2016 8:36:40 AM,95
11/29/2016 8:36:45 AM,97
11/29/2016 8:36:50 AM,95
11/29/2016 8:36:55 AM,94
11/29/2016 8:37:05 AM,97
11/29/2016 8:37:10 AM,98
11/29/2016 8:37:15 AM,100
11/29/2016 8:37:20 AM,103
11/29/2016 8:37:25 AM,106
11/29/2016 8:37:30 AM,107
11/29/2016 8:37:35 AM,109
11/29/2016 8:37:40 AM,105
11/29/2016 8:37:45 AM,101
11/29/2016 8:37:55 AM,103
11/29/2016 8:38:00 AM,104
11/29/2016 8:38:05 AM,106
11/29/2016 8:38:10 AM,107
11/29/2016 8:38:15 AM,108
11/29/2016 8:38:20 AM,109
11/29/2016 8:38:30 AM,110
11/29/2016 8:38:35 AM,108
11/29/2016 8:38:50 AM,108
11/29/2016 8:38:55 AM,106
11/29/2016 8:39:10 AM,106
11/29/2016 8:39:25 AM,106
11/29/2016 8:39:40 AM,106
11/29/2016 8:39:45 AM,107
11/29/2016 8:40:00 AM,109
11/29/2016 8:40:05 AM,107
11/29/2016 8:40:20 AM,107
11/29/2016 8:40:25 AM,106
11/29/2016 8:40:30 AM,103
11/29/2016 8:40:40 AM,104
11/29/2016 8:40:45 AM,96
11/29/2016 8:40:50 AM,97
11/29/2016 8:40:55 AM,101
11/29/2016 8:41:00 AM,102
11/29/2016 8:41:05 AM,104
11/29/2016 8:41:10 AM,107
11/29/2016 8:41:20 AM,100
11/29/2016 8:41:25 AM,101
11/29/2016 8:41:40 AM,108
11/29/2016 8:41:45 AM,111
11/29/2016 8:41:50 AM,112
11/29/2016 8:41:55 AM,114
11/29/2016 8:42:10 AM,109
11/29/2016 8:42:15 AM,107
11/29/2016 8:42:20 AM,108
11/29/2016 8:42:25 AM,109
11/29/2016 8:42:35 AM,108
11/29/2016 8:42:50 AM,108
11/29/2016 8:42:55 AM,107
11/29/2016 8:43:05 AM,106
11/29/2016 8:43:20 AM,106
11/29/2016 8:43:25 AM,105
11/29/2016 8:43:40 AM,105
11/29/2016 8:43:55 AM,105
11/29/2016 8:44:00 AM,105
11/29/2016 8:44:05 AM,105
11/29/2016 8:44:10 AM,104
11/29/2016 8:44:15 AM,103
11/29/2016 8:44:20 AM,102
11/29/2016 8:44:35 AM,102
11/29/2016 8:44:40 AM,101
11/29/2016 8:44:45 AM,100
11/29/2016 8:45:00 AM,100
11/29/2016 8:45:15 AM,100
11/29/2016 8:45:20 AM,98
11/29/2016 8:45:30 AM,98
11/29/2016 8:45:45 AM,98
11/29/2016 8:45:50 AM,99
11/29/2016 8:45:55 AM,99
11/29/2016 8:46:00 AM,100
11/29/2016 8:46:05 AM,99
11/29/2016 8:46:10 AM,96
11/29/2016 8:46:15 AM,95
11/29/2016 8:46:25 AM,96
11/29/2016 8:46:40 AM,95
11/29/2016 8:46:45 AM,94
11/29/2016 8:46:50 AM,96
11/29/2016 8:47:00 AM,97
11/29/2016 8:47:05 AM,98
11/29/2016 8:47:10 AM,97
11/29/2016 8:47:15 AM,98
11/29/2016 8:47:30 AM,98
11/29/2016 8:47:45 AM,98
11/29/2016 8:48:00 AM,102
11/29/2016 8:48:05 AM,101
11/29/2016 8:48:10 AM,99
11/29/2016 8:48:20 AM,98
11/29/2016 8:48:35 AM,99
11/29/2016 8:48:50 AM,96
11/29/2016 8:49:00 AM,98
11/29/2016 8:49:10 AM,97
11/29/2016 8:49:25 AM,98
11/29/2016 8:49:35 AM,100
11/29/2016 8:49:50 AM,100
11/29/2016 8:50:05 AM,99
11/29/2016 8:50:10 AM,98
11/29/2016 8:50:25 AM,98
11/29/2016 8:50:35 AM,99
11/29/2016 8:50:45 AM,101
11/29/2016 8:50:50 AM,102
11/29/2016 8:51:00 AM,103
11/29/2016 8:51:05 AM,105
11/29/2016 8:51:10 AM,106
11/29/2016 8:51:15 AM,105
11/29/2016 8:51:30 AM,105
11/29/2016 8:51:35 AM,107
11/29/2016 8:51:40 AM,109
11/29/2016 8:51:50 AM,110
11/29/2016 8:52:05 AM,114
11/29/2016 8:52:10 AM,113
11/29/2016 8:52:15 AM,113
11/29/2016 8:52:25 AM,109
11/29/2016 8:52:30 AM,105
11/29/2016 8:52:45 AM,105
11/29/2016 8:52:50 AM,104
11/29/2016 8:53:05 AM,104
11/29/2016 8:53:15 AM,104
11/29/2016 8:53:30 AM,104
11/29/2016 8:53:35 AM,103
11/29/2016 8:53:40 AM,103
11/29/2016 8:53:50 AM,102
11/29/2016 8:53:55 AM,101
11/29/2016 8:54:00 AM,101
11/29/2016 8:54:15 AM,101
11/29/2016 8:54:30 AM,101
11/29/2016 8:54:35 AM,100
11/29/2016 8:54:45 AM,98
11/29/2016 8:55:00 AM,101
11/29/2016 8:55:10 AM,100
11/29/2016 8:55:15 AM,98
11/29/2016 8:55:20 AM,99
11/29/2016 8:55:35 AM,99
11/29/2016 8:55:50 AM,102
11/29/2016 8:55:55 AM,101
11/29/2016 8:56:00 AM,103
11/29/2016 8:56:05 AM,102
11/29/2016 8:56:10 AM,103
11/29/2016 8:56:15 AM,104
11/29/2016 8:56:30 AM,104
11/29/2016 8:56:35 AM,105
11/29/2016 8:56:40 AM,108
11/29/2016 8:56:45 AM,111
11/29/2016 8:56:50 AM,112
11/29/2016 8:57:00 AM,111
11/29/2016 8:57:10 AM,112
11/29/2016 8:57:15 AM,113
11/29/2016 8:57:25 AM,112
11/29/2016 8:57:40 AM,108
11/29/2016 8:57:50 AM,109
11/29/2016 8:57:55 AM,103
11/29/2016 8:58:00 AM,103
11/29/2016 8:58:15 AM,102
11/29/2016 8:58:25 AM,101
11/29/2016 8:58:30 AM,101
11/29/2016 8:58:35 AM,101
11/29/2016 8:58:40 AM,100
11/29/2016 8:58:45 AM,103
11/29/2016 8:58:50 AM,104
11/29/2016 8:58:55 AM,105
11/29/2016 8:59:00 AM,104
11/29/2016 8:59:10 AM,101
11/29/2016 8:59:15 AM,103
11/29/2016 8:59:30 AM,103
11/29/2016 8:59:45 AM,101
11/29/2016 8:59:50 AM,100
11/29/2016 9:00:05 AM,99
11/29/2016 9:00:15 AM,97
11/29/2016 9:00:30 AM,97
11/29/2016 9:00:40 AM,94
11/29/2016 9:00:55 AM,94
11/29/2016 9:01:05 AM,92
11/29/2016 9:01:10 AM,88
11/29/2016 9:01:25 AM,88
11/29/2016 9:01:30 AM,84
11/29/2016 9:01:40 AM,81
11/29/2016 9:01:55 AM,78
11/29/2016 9:02:00 AM,75
11/29/2016 9:02:10 AM,74
11/29/2016 9:02:20 AM,75
11/29/2016 9:02:25 AM,76
11/29/2016 9:02:40 AM,98
11/29/2016 9:02:50 AM,100
11/29/2016 9:03:00 AM,100
11/29/2016 9:03:10 AM,99
11/29/2016 9:03:20 AM,98
11/29/2016 9:03:35 AM,98
11/29/2016 9:03:40 AM,98
11/29/2016 9:03:50 AM,99
11/29/2016 9:04:05 AM,99
11/29/2016 9:04:10 AM,101
11/29/2016 9:04:20 AM,100
11/29/2016 9:04:25 AM,101
11/29/2016 9:04:40 AM,101
11/29/2016 9:04:55 AM,101
11/29/2016 9:05:05 AM,100
11/29/2016 9:05:10 AM,96
11/29/2016 9:05:20 AM,95
11/29/2016 9:05:35 AM,94
11/29/2016 9:05:45 AM,94
11/29/2016 9:05:50 AM,94
11/29/2016 9:05:55 AM,93
11/29/2016 9:06:00 AM,94
11/29/2016 9:06:05 AM,96
11/29/2016 9:06:20 AM,95
11/29/2016 9:06:35 AM,95
11/29/2016 9:06:45 AM,93
11/29/2016 9:06:50 AM,91
11/29/2016 9:07:05 AM,91
11/29/2016 9:07:20 AM,91
11/29/2016 9:07:30 AM,93
11/29/2016 9:07:40 AM,92
11/29/2016 9:07:45 AM,91
11/29/2016 9:07:50 AM,92
11/29/2016 9:08:00 AM,95
11/29/2016 9:08:05 AM,97
11/29/2016 9:08:10 AM,99
11/29/2016 9:08:15 AM,98
11/29/2016 9:08:20 AM,96
11/29/2016 9:08:25 AM,98
11/29/2016 9:08:30 AM,97
11/29/2016 9:08:35 AM,98
11/29/2016 9:08:40 AM,99
11/29/2016 9:08:50 AM,98
11/29/2016 9:08:55 AM,95
11/29/2016 9:09:00 AM,94
11/29/2016 9:09:10 AM,92
11/29/2016 9:09:25 AM,89
11/29/2016 9:09:30 AM,89
11/29/2016 9:09:40 AM,86
11/29/2016 9:09:45 AM,87
11/29/2016 9:09:50 AM,85
11/29/2016 9:09:55 AM,83
11/29/2016 9:10:10 AM,83
11/29/2016 9:10:15 AM,82
11/29/2016 9:10:25 AM,81
11/29/2016 9:10:30 AM,80
11/29/2016 9:10:40 AM,79
11/29/2016 9:10:45 AM,77
11/29/2016 9:10:55 AM,76
11/29/2016 9:11:05 AM,75
11/29/2016 9:11:20 AM,74
11/29/2016 9:11:25 AM,73
11/29/2016 9:11:35 AM,76
11/29/2016 9:11:40 AM,79
11/29/2016 9:11:45 AM,80
11/29/2016 9:12:00 AM,80
11/29/2016 9:12:10 AM,99
11/29/2016 9:12:25 AM,99
11/29/2016 9:12:30 AM,101
11/29/2016 9:12:40 AM,105
11/29/2016 9:12:50 AM,101
11/29/2016 9:12:55 AM,102
11/29/2016 9:13:00 AM,102
11/29/2016 9:13:10 AM,99
11/29/2016 9:13:20 AM,100
11/29/2016 9:13:35 AM,100
11/29/2016 9:13:40 AM,101
11/29/2016 9:13:55 AM,101
11/29/2016 9:14:00 AM,102
11/29/2016 9:14:15 AM,102
11/29/2016 9:14:25 AM,103
11/29/2016 9:14:40 AM,103
11/29/2016 9:14:45 AM,105
11/29/2016 9:15:00 AM,102
11/29/2016 9:15:05 AM,100
11/29/2016 9:15:10 AM,99
11/29/2016 9:15:20 AM,102
11/29/2016 9:15:35 AM,102
11/29/2016 9:15:50 AM,99
11/29/2016 9:16:00 AM,100
11/29/2016 9:16:15 AM,100
11/29/2016 9:16:20 AM,99
11/29/2016 9:16:30 AM,100
11/29/2016 9:16:45 AM,100
11/29/2016 9:16:50 AM,99
11/29/2016 9:17:00 AM,101
11/29/2016 9:17:10 AM,100
11/29/2016 9:17:25 AM,100
11/29/2016 9:17:40 AM,99
11/29/2016 9:17:50 AM,98
11/29/2016 9:18:00 AM,97
11/29/2016 9:18:15 AM,97
11/29/2016 9:18:20 AM,98
11/29/2016 9:18:30 AM,97
11/29/2016 9:18:40 AM,98
11/29/2016 9:18:45 AM,97
11/29/2016 9:18:50 AM,96
11/29/2016 9:18:55 AM,97
11/29/2016 9:19:00 AM,99
11/29/2016 9:19:15 AM,99
11/29/2016 9:19:20 AM,97
11/29/2016 9:19:30 AM,93
11/29/2016 9:19:45 AM,93
11/29/2016 9:19:50 AM,91
11/29/2016 9:19:55 AM,90
11/29/2016 9:20:10 AM,89
11/29/2016 9:20:15 AM,88
11/29/2016 9:20:25 AM,86
11/29/2016 9:20:30 AM,84
11/29/2016 9:20:45 AM,84
11/29/2016 9:20:50 AM,85
11/29/2016 9:20:55 AM,86
11/29/2016 9:21:10 AM,86
11/29/2016 9:21:15 AM,87
11/29/2016 9:21:30 AM,87
11/29/2016 9:21:35 AM,85
11/29/2016 9:21:40 AM,84
11/29/2016 9:21:45 AM,91
11/29/2016 9:22:00 AM,91
11/29/2016 9:22:10 AM,92
11/29/2016 9:22:15 AM,90
11/29/2016 9:22:25 AM,89
11/29/2016 9:22:30 AM,86
11/29/2016 9:22:45 AM,85
11/29/2016 9:22:50 AM,87
11/29/2016 9:23:00 AM,88
11/29/2016 9:23:05 AM,90
11/29/2016 9:23:10 AM,93
11/29/2016 9:23:15 AM,93
11/29/2016 9:23:25 AM,94
11/29/2016 9:23:40 AM,94
11/29/2016 9:23:45 AM,93
11/29/2016 9:23:50 AM,94
11/29/2016 9:24:00 AM,94
11/29/2016 9:24:05 AM,95
11/29/2016 9:24:20 AM,92
11/29/2016 9:24:30 AM,94
11/29/2016 9:24:35 AM,95
11/29/2016 9:24:50 AM,95
11/29/2016 9:25:00 AM,95
11/29/2016 9:25:05 AM,95
11/29/2016 9:25:15 AM,94
11/29/2016 9:25:25 AM,93
11/29/2016 9:25:30 AM,93
11/29/2016 9:25:45 AM,91
11/29/2016 9:25:50 AM,92
11/29/2016 9:25:55 AM,95
11/29/2016 9:26:00 AM,95
11/29/2016 9:26:15 AM,95
11/29/2016 9:26:30 AM,93
11/29/2016 9:26:40 AM,92
11/29/2016 9:26:50 AM,94
11/29/2016 9:27:05 AM,94
11/29/2016 9:27:10 AM,96
11/29/2016 9:27:25 AM,96
11/29/2016 9:27:40 AM,97
11/29/2016 9:27:50 AM,98
11/29/2016 9:28:00 AM,97
11/29/2016 9:28:05 AM,96
11/29/2016 9:28:15 AM,95
11/29/2016 9:28:25 AM,96
11/29/2016 9:28:30 AM,96
11/29/2016 9:28:35 AM,95
11/29/2016 9:28:40 AM,94
11/29/2016 9:28:50 AM,98
11/29/2016 9:28:55 AM,99
11/29/2016 9:29:00 AM,97
11/29/2016 9:29:05 AM,96
11/29/2016 9:29:15 AM,94
11/29/2016 9:29:30 AM,94
11/29/2016 9:29:35 AM,94
11/29/2016 9:29:40 AM,94
11/29/2016 9:29:50 AM,96
11/29/2016 9:30:00 AM,98
11/29/2016 9:30:15 AM,98
11/29/2016 9:30:25 AM,97
11/29/2016 9:30:35 AM,99
11/29/2016 9:30:50 AM,99
11/29/2016 9:31:05 AM,99
11/29/2016 9:31:10 AM,98
11/29/2016 9:31:20 AM,99
11/29/2016 9:31:30 AM,97
11/29/2016 9:31:40 AM,95
11/29/2016 9:31:55 AM,95
11/29/2016 9:32:10 AM,94
11/29/2016 9:32:20 AM,93
11/29/2016 9:32:35 AM,93
11/29/2016 9:32:45 AM,92
11/29/2016 9:33:00 AM,92
11/29/2016 9:33:15 AM,92
11/29/2016 9:33:25 AM,98
11/29/2016 9:33:30 AM,98
11/29/2016 9:33:45 AM,98
11/29/2016 9:33:50 AM,97
11/29/2016 9:34:00 AM,93
11/29/2016 9:34:10 AM,91
11/29/2016 9:34:20 AM,92
11/29/2016 9:34:25 AM,94
11/29/2016 9:34:40 AM,93
11/29/2016 9:34:55 AM,93
11/29/2016 9:35:10 AM,92
11/29/2016 9:35:25 AM,93
11/29/2016 9:35:30 AM,94
11/29/2016 9:35:35 AM,93
11/29/2016 9:35:40 AM,93
11/29/2016 9:35:50 AM,93
11/29/2016 9:36:05 AM,93
11/29/2016 9:36:10 AM,94
11/29/2016 9:36:20 AM,93
11/29/2016 9:36:30 AM,92
11/29/2016 9:36:45 AM,91
11/29/2016 9:36:50 AM,90
11/29/2016 9:36:55 AM,88
11/29/2016 9:37:00 AM,86
11/29/2016 9:37:15 AM,86
11/29/2016 9:37:20 AM,87
11/29/2016 9:37:35 AM,87
11/29/2016 9:37:50 AM,87
11/29/2016 9:37:55 AM,85
11/29/2016 9:38:05 AM,88
11/29/2016 9:38:15 AM,89
11/29/2016 9:38:20 AM,90
11/29/2016 9:38:25 AM,91
11/29/2016 9:38:40 AM,89
11/29/2016 9:38:45 AM,89
11/29/2016 9:39:00 AM,88
11/29/2016 9:39:05 AM,87
11/29/2016 9:39:20 AM,88
11/29/2016 9:39:35 AM,88
11/29/2016 9:39:40 AM,95
11/29/2016 9:39:50 AM,94
11/29/2016 9:39:55 AM,95
11/29/2016 9:40:00 AM,94
11/29/2016 9:40:15 AM,94
11/29/2016 9:40:30 AM,94
11/29/2016 9:40:35 AM,94
11/29/2016 9:40:50 AM,94
11/29/2016 9:40:55 AM,95
11/29/2016 9:41:10 AM,95
11/29/2016 9:41:20 AM,95
11/29/2016 9:41:30 AM,93
11/29/2016 9:41:45 AM,93
11/29/2016 9:42:00 AM,92
11/29/2016 9:42:10 AM,91
11/29/2016 9:42:20 AM,91
11/29/2016 9:42:25 AM,92
11/29/2016 9:42:40 AM,92
11/29/2016 9:42:55 AM,92
11/29/2016 9:43:10 AM,93
11/29/2016 9:43:25 AM,93
11/29/2016 9:43:40 AM,92
11/29/2016 9:43:45 AM,89
11/29/2016 9:43:50 AM,87
11/29/2016 9:44:00 AM,85
11/29/2016 9:44:05 AM,86
11/29/2016 9:44:20 AM,89
11/29/2016 9:44:25 AM,90
11/29/2016 9:44:30 AM,88
11/29/2016 9:44:35 AM,86
11/29/2016 9:44:40 AM,85
11/29/2016 9:44:45 AM,86
11/29/2016 9:45:00 AM,86
11/29/2016 9:45:05 AM,85
11/29/2016 9:45:20 AM,85
11/29/2016 9:45:30 AM,84
11/29/2016 9:45:40 AM,88
11/29/2016 9:45:55 AM,88
11/29/2016 9:46:00 AM,89
11/29/2016 9:46:05 AM,90
11/29/2016 9:46:20 AM,86
11/29/2016 9:46:25 AM,86
11/29/2016 9:46:35 AM,85
11/29/2016 9:46:50 AM,84
11/29/2016 9:46:55 AM,85
11/29/2016 9:47:10 AM,84
11/29/2016 9:47:25 AM,85
11/29/2016 9:47:30 AM,85
11/29/2016 9:47:35 AM,85
11/29/2016 9:47:40 AM,85
11/29/2016 9:47:45 AM,85
11/29/2016 9:48:00 AM,85
11/29/2016 9:48:05 AM,85
11/29/2016 9:48:10 AM,89
11/29/2016 9:48:20 AM,93
11/29/2016 9:48:35 AM,93
11/29/2016 9:48:50 AM,92
11/29/2016 9:48:55 AM,92
11/29/2016 9:49:10 AM,92
11/29/2016 9:49:20 AM,93
11/29/2016 9:49:30 AM,93
11/29/2016 9:49:45 AM,94
11/29/2016 9:49:55 AM,93
11/29/2016 9:50:00 AM,90
11/29/2016 9:50:05 AM,89
11/29/2016 9:50:10 AM,89
11/29/2016 9:50:25 AM,89
11/29/2016 9:50:30 AM,87
11/29/2016 9:50:35 AM,85
11/29/2016 9:50:40 AM,86
11/29/2016 9:50:45 AM,87
11/29/2016 9:50:50 AM,87
11/29/2016 9:51:05 AM,87
11/29/2016 9:51:20 AM,87
11/29/2016 9:51:30 AM,86
11/29/2016 9:51:45 AM,86
11/29/2016 9:51:50 AM,87
11/29/2016 9:52:05 AM,87
11/29/2016 9:52:10 AM,89
11/29/2016 9:52:15 AM,86
11/29/2016 9:52:20 AM,85
11/29/2016 9:52:35 AM,85
11/29/2016 9:52:50 AM,82
11/29/2016 9:53:05 AM,82
11/29/2016 9:53:10 AM,80
11/29/2016 9:53:20 AM,79
11/29/2016 9:53:25 AM,78
11/29/2016 9:53:30 AM,79
11/29/2016 9:53:40 AM,81
11/29/2016 9:53:50 AM,87
11/29/2016 9:53:55 AM,85
11/29/2016 9:54:00 AM,86
11/29/2016 9:54:15 AM,86
11/29/2016 9:54:20 AM,87
11/29/2016 9:54:25 AM,88
11/29/2016 9:54:30 AM,89
11/29/2016 9:54:40 AM,95
11/29/2016 9:54:50 AM,95
11/29/2016 9:55:00 AM,94
11/29/2016 9:55:10 AM,94
11/29/2016 9:55:20 AM,93
11/29/2016 9:55:25 AM,94
11/29/2016 9:55:30 AM,94
11/29/2016 9:55:40 AM,89
11/29/2016 9:55:50 AM,88
11/29/2016 9:55:55 AM,89
11/29/2016 9:56:00 AM,88
11/29/2016 9:56:15 AM,88
11/29/2016 9:56:30 AM,89
11/29/2016 9:56:45 AM,89
11/29/2016 9:56:50 AM,86
11/29/2016 9:56:55 AM,85
11/29/2016 9:57:00 AM,86
11/29/2016 9:57:10 AM,85
11/29/2016 9:57:20 AM,84
11/29/2016 9:57:25 AM,82
11/29/2016 9:57:40 AM,82
11/29/2016 9:57:50 AM,82
11/29/2016 9:57:55 AM,79
11/29/2016 9:58:10 AM,79
11/29/2016 9:58:20 AM,78
11/29/2016 9:58:30 AM,80
11/29/2016 9:58:40 AM,79
11/29/2016 9:58:55 AM,79
11/29/2016 9:59:10 AM,79
11/29/2016 9:59:25 AM,79
11/29/2016 9:59:30 AM,80
11/29/2016 9:59:40 AM,79
11/29/2016 9:59:45 AM,80
11/29/2016 10:00:00 AM,79
11/29/2016 10:00:05 AM,77
11/29/2016 10:00:15 AM,78
11/29/2016 10:00:20 AM,86
11/29/2016 10:00:30 AM,85
11/29/2016 10:00:35 AM,86
11/29/2016 10:00:40 AM,83
11/29/2016 10:00:45 AM,81
11/29/2016 10:00:50 AM,82
11/29/2016 10:00:55 AM,80
11/29/2016 10:01:00 AM,76
11/29/2016 10:01:10 AM,72
11/29/2016 10:01:20 AM,86
11/29/2016 10:01:30 AM,86
11/29/2016 10:01:45 AM,86
11/29/2016 10:01:50 AM,83
11/29/2016 10:02:05 AM,83
11/29/2016 10:02:15 AM,84
11/29/2016 10:02:20 AM,85
11/29/2016 10:02:35 AM,84
11/29/2016 10:02:40 AM,84
11/29/2016 10:02:55 AM,84
11/29/2016 10:03:00 AM,80
11/29/2016 10:03:10 AM,82
11/29/2016 10:03:25 AM,82
11/29/2016 10:03:40 AM,82
11/29/2016 10:03:45 AM,82
11/29/2016 10:04:00 AM,89
11/29/2016 10:04:15 AM,89
11/29/2016 10:04:20 AM,89
11/29/2016 10:04:25 AM,88
11/29/2016 10:04:30 AM,88
11/29/2016 10:04:35 AM,87
11/29/2016 10:04:50 AM,85
11/29/2016 10:04:55 AM,85
11/29/2016 10:05:10 AM,85
11/29/2016 10:05:25 AM,85
11/29/2016 10:05:40 AM,84
11/29/2016 10:05:50 AM,86
11/29/2016 10:05:55 AM,86
11/29/2016 10:06:10 AM,86
11/29/2016 10:06:25 AM,86
11/29/2016 10:06:30 AM,85
11/29/2016 10:06:45 AM,85
11/29/2016 10:06:50 AM,84
11/29/2016 10:07:05 AM,84
11/29/2016 10:07:20 AM,84
11/29/2016 10:07:25 AM,85
11/29/2016 10:07:30 AM,85
11/29/2016 10:07:35 AM,83
11/29/2016 10:07:50 AM,83
11/29/2016 10:07:55 AM,83
11/29/2016 10:08:00 AM,83
11/29/2016 10:08:05 AM,84
11/29/2016 10:08:10 AM,83
11/29/2016 10:08:20 AM,84
11/29/2016 10:08:35 AM,85
11/29/2016 10:08:40 AM,86
11/29/2016 10:08:45 AM,85
11/29/2016 10:08:50 AM,82
11/29/2016 10:08:55 AM,81
11/29/2016 10:09:00 AM,82
11/29/2016 10:09:15 AM,84
11/29/2016 10:09:25 AM,88
11/29/2016 10:09:30 AM,91
11/29/2016 10:09:35 AM,89
11/29/2016 10:09:45 AM,90
11/29/2016 10:10:00 AM,90
11/29/2016 10:10:10 AM,89
11/29/2016 10:10:15 AM,88
11/29/2016 10:10:25 AM,87
11/29/2016 10:10:30 AM,87
11/29/2016 10:10:40 AM,85
11/29/2016 10:10:50 AM,84
11/29/2016 10:11:00 AM,83
11/29/2016 10:11:10 AM,82
11/29/2016 10:11:25 AM,81
11/29/2016 10:11:40 AM,81
11/29/2016 10:11:50 AM,82
11/29/2016 10:12:05 AM,82
11/29/2016 10:12:10 AM,83
11/29/2016 10:12:20 AM,84
11/29/2016 10:12:35 AM,84
11/29/2016 10:12:45 AM,85
11/29/2016 10:12:50 AM,84
11/29/2016 10:13:00 AM,87
11/29/2016 10:13:15 AM,84
11/29/2016 10:13:30 AM,84
11/29/2016 10:13:45 AM,84
11/29/2016 10:14:00 AM,85
11/29/2016 10:14:15 AM,85
11/29/2016 10:14:20 AM,84
11/29/2016 10:14:25 AM,82
11/29/2016 10:14:30 AM,82
11/29/2016 10:14:40 AM,84
11/29/2016 10:14:55 AM,84
11/29/2016 10:15:00 AM,84
11/29/2016 10:15:05 AM,84
11/29/2016 10:15:20 AM,84
11/29/2016 10:15:25 AM,83
11/29/2016 10:15:30 AM,84
11/29/2016 10:15:35 AM,86
11/29/2016 10:15:50 AM,86
11/29/2016 10:15:55 AM,88
11/29/2016 10:16:00 AM,89
11/29/2016 10:16:10 AM,84
11/29/2016 10:16:20 AM,85
11/29/2016 10:16:25 AM,87
11/29/2016 10:16:30 AM,87
11/29/2016 10:16:35 AM,86
11/29/2016 10:16:45 AM,85
11/29/2016 10:16:50 AM,87
11/29/2016 10:17:00 AM,87
11/29/2016 10:17:15 AM,87
11/29/2016 10:17:30 AM,86
11/29/2016 10:17:45 AM,86
11/29/2016 10:18:00 AM,86
11/29/2016 10:18:05 AM,85
11/29/2016 10:18:10 AM,84
11/29/2016 10:18:25 AM,84
11/29/2016 10:18:35 AM,84
11/29/2016 10:18:50 AM,84
11/29/2016 10:19:05 AM,84
11/29/2016 10:19:20 AM,84
11/29/2016 10:19:35 AM,84
11/29/2016 10:19:50 AM,84
11/29/2016 10:19:55 AM,85
11/29/2016 10:20:00 AM,88
11/29/2016 10:20:05 AM,89
11/29/2016 10:20:15 AM,86
11/29/2016 10:20:25 AM,85
11/29/2016 10:20:35 AM,84
11/29/2016 10:20:50 AM,85
11/29/2016 10:20:55 AM,72
11/29/2016 10:21:10 AM,73
11/29/2016 10:21:15 AM,74
11/29/2016 10:21:20 AM,75
11/29/2016 10:21:30 AM,79
11/29/2016 10:21:40 AM,79
11/29/2016 10:21:50 AM,78
11/29/2016 10:22:00 AM,75
11/29/2016 10:22:05 AM,76
11/29/2016 10:22:10 AM,77
11/29/2016 10:22:20 AM,78
11/29/2016 10:22:25 AM,77
11/29/2016 10:22:30 AM,79
11/29/2016 10:22:35 AM,80
11/29/2016 10:22:40 AM,82
11/29/2016 10:22:45 AM,84
11/29/2016 10:23:00 AM,83
11/29/2016 10:23:10 AM,84
11/29/2016 10:23:15 AM,83
11/29/2016 10:23:30 AM,83
11/29/2016 10:23:45 AM,83
11/29/2016 10:23:55 AM,83
11/29/2016 10:24:05 AM,84
11/29/2016 10:24:10 AM,86
11/29/2016 10:24:15 AM,85
11/29/2016 10:24:20 AM,86
11/29/2016 10:24:25 AM,87
11/29/2016 10:24:30 AM,88
11/29/2016 10:24:35 AM,89
11/29/2016 10:24:45 AM,88
11/29/2016 10:24:50 AM,85
11/29/2016 10:24:55 AM,87
11/29/2016 10:25:00 AM,88
11/29/2016 10:25:05 AM,89
11/29/2016 10:25:15 AM,91
11/29/2016 10:25:25 AM,90
11/29/2016 10:25:30 AM,92
11/29/2016 10:25:45 AM,90
11/29/2016 10:25:50 AM,89
11/29/2016 10:26:00 AM,90
11/29/2016 10:26:10 AM,88
11/29/2016 10:26:15 AM,87
11/29/2016 10:26:20 AM,88
11/29/2016 10:26:25 AM,87
11/29/2016 10:26:30 AM,84
11/29/2016 10:26:35 AM,85
11/29/2016 10:26:50 AM,85
11/29/2016 10:26:55 AM,82
11/29/2016 10:27:05 AM,83
11/29/2016 10:27:10 AM,85
11/29/2016 10:27:20 AM,87
11/29/2016 10:27:30 AM,86
11/29/2016 10:27:45 AM,86
11/29/2016 10:27:50 AM,88
11/29/2016 10:27:55 AM,90
11/29/2016 10:28:00 AM,92
11/29/2016 10:28:15 AM,96
11/29/2016 10:28:20 AM,97
11/29/2016 10:28:25 AM,99
11/29/2016 10:28:30 AM,101
11/29/2016 10:28:35 AM,104
11/29/2016 10:28:40 AM,101
11/29/2016 10:28:45 AM,99
11/29/2016 10:28:50 AM,104
11/29/2016 10:28:55 AM,105
11/29/2016 10:29:00 AM,104
11/29/2016 10:29:15 AM,105
11/29/2016 10:29:20 AM,105
11/29/2016 10:29:30 AM,106
11/29/2016 10:29:45 AM,105
11/29/2016 10:29:50 AM,103
11/29/2016 10:29:55 AM,102
11/29/2016 10:30:00 AM,100
11/29/2016 10:30:05 AM,100
11/29/2016 10:30:15 AM,99
11/29/2016 10:30:20 AM,95
11/29/2016 10:30:30 AM,96
11/29/2016 10:30:35 AM,97
11/29/2016 10:30:40 AM,99
11/29/2016 10:30:45 AM,100
11/29/2016 10:31:00 AM,100
11/29/2016 10:31:05 AM,100
11/29/2016 10:31:10 AM,100
11/29/2016 10:31:15 AM,101
11/29/2016 10:31:30 AM,99
11/29/2016 10:31:35 AM,98
11/29/2016 10:31:50 AM,97
11/29/2016 10:32:00 AM,99
11/29/2016 10:32:05 AM,103
11/29/2016 10:32:10 AM,105
11/29/2016 10:32:15 AM,106
11/29/2016 10:32:20 AM,109
11/29/2016 10:32:25 AM,110
11/29/2016 10:32:30 AM,109
11/29/2016 10:32:35 AM,108
11/29/2016 10:32:45 AM,109
11/29/2016 10:32:50 AM,107
11/29/2016 10:32:55 AM,108
11/29/2016 10:33:00 AM,103
11/29/2016 10:33:10 AM,99
11/29/2016 10:33:25 AM,99
11/29/2016 10:33:40 AM,99
11/29/2016 10:33:50 AM,98
11/29/2016 10:34:00 AM,98
11/29/2016 10:34:10 AM,95
11/29/2016 10:34:20 AM,94
11/29/2016 10:34:30 AM,94
11/29/2016 10:34:45 AM,94
11/29/2016 10:34:50 AM,96
11/29/2016 10:34:55 AM,95
11/29/2016 10:35:10 AM,95
11/29/2016 10:35:25 AM,95
11/29/2016 10:35:30 AM,94
11/29/2016 10:35:45 AM,94
11/29/2016 10:35:50 AM,96
11/29/2016 10:35:55 AM,98
11/29/2016 10:36:00 AM,101
11/29/2016 10:36:05 AM,99
11/29/2016 10:36:15 AM,95
11/29/2016 10:36:20 AM,97
11/29/2016 10:36:25 AM,100
11/29/2016 10:36:30 AM,103
11/29/2016 10:36:35 AM,101
11/29/2016 10:36:40 AM,96
11/29/2016 10:36:45 AM,93
11/29/2016 10:36:50 AM,91
11/29/2016 10:37:05 AM,91
11/29/2016 10:37:15 AM,89
11/29/2016 10:37:30 AM,89
11/29/2016 10:37:45 AM,88
11/29/2016 10:37:50 AM,87
11/29/2016 10:37:55 AM,88
11/29/2016 10:38:00 AM,89
11/29/2016 10:38:05 AM,90
11/29/2016 10:38:10 AM,89
11/29/2016 10:38:15 AM,89
11/29/2016 10:38:30 AM,89
11/29/2016 10:38:40 AM,88
11/29/2016 10:38:45 AM,87
11/29/2016 10:38:50 AM,86
11/29/2016 10:39:00 AM,86
11/29/2016 10:39:15 AM,85
11/29/2016 10:39:20 AM,83
11/29/2016 10:39:30 AM,84
11/29/2016 10:39:40 AM,90
11/29/2016 10:39:50 AM,86
11/29/2016 10:40:00 AM,84
11/29/2016 10:40:15 AM,82
11/29/2016 10:40:30 AM,82
11/29/2016 10:40:45 AM,81
11/29/2016 10:41:00 AM,81
11/29/2016 10:41:10 AM,80
11/29/2016 10:41:25 AM,78
11/29/2016 10:41:30 AM,78
11/29/2016 10:41:40 AM,78
11/29/2016 10:41:45 AM,75
11/29/2016 10:41:50 AM,73
11/29/2016 10:42:00 AM,71
11/29/2016 10:42:10 AM,72
11/29/2016 10:42:20 AM,70
11/29/2016 10:42:35 AM,71
11/29/2016 10:42:40 AM,70
11/29/2016 10:42:45 AM,71
11/29/2016 10:43:00 AM,71
11/29/2016 10:43:10 AM,72
11/29/2016 10:43:20 AM,74
11/29/2016 10:43:25 AM,75
11/29/2016 10:43:35 AM,76
11/29/2016 10:43:50 AM,77
11/29/2016 10:44:00 AM,76
11/29/2016 10:44:15 AM,76
11/29/2016 10:44:30 AM,76
11/29/2016 10:44:35 AM,77
11/29/2016 10:44:40 AM,78
11/29/2016 10:44:45 AM,81
11/29/2016 10:44:50 AM,79
11/29/2016 10:45:05 AM,79
11/29/2016 10:45:10 AM,80
11/29/2016 10:45:15 AM,81
11/29/2016 10:45:30 AM,81
11/29/2016 10:45:45 AM,81
11/29/2016 10:46:00 AM,80
11/29/2016 10:46:10 AM,79
11/29/2016 10:46:25 AM,79
11/29/2016 10:46:40 AM,79
11/29/2016 10:46:45 AM,80
11/29/2016 10:46:55 AM,79
11/29/2016 10:47:00 AM,80
11/29/2016 10:47:10 AM,88
11/29/2016 10:47:20 AM,87
11/29/2016 10:47:35 AM,87
11/29/2016 10:47:40 AM,88
11/29/2016 10:47:50 AM,87
11/29/2016 10:48:00 AM,90
11/29/2016 10:48:05 AM,91
11/29/2016 10:48:10 AM,92
11/29/2016 10:48:20 AM,95
11/29/2016 10:48:35 AM,95
11/29/2016 10:48:40 AM,94
11/29/2016 10:48:45 AM,92
11/29/2016 10:48:55 AM,91
11/29/2016 10:49:00 AM,90
11/29/2016 10:49:05 AM,88
11/29/2016 10:49:20 AM,88
11/29/2016 10:49:30 AM,87
11/29/2016 10:49:45 AM,87
11/29/2016 10:49:50 AM,87
11/29/2016 10:50:05 AM,87
11/29/2016 10:50:10 AM,85
11/29/2016 10:50:20 AM,83
11/29/2016 10:50:30 AM,82
11/29/2016 10:50:40 AM,81
11/29/2016 10:50:55 AM,81
11/29/2016 10:51:05 AM,82
11/29/2016 10:51:10 AM,85
11/29/2016 10:51:15 AM,85
11/29/2016 10:51:30 AM,84
11/29/2016 10:51:45 AM,84
11/29/2016 10:52:00 AM,85
11/29/2016 10:52:05 AM,86
11/29/2016 10:52:20 AM,87
11/29/2016 10:52:30 AM,90
11/29/2016 10:52:45 AM,90
11/29/2016 10:52:50 AM,91
11/29/2016 10:53:05 AM,91
11/29/2016 10:53:20 AM,91
11/29/2016 10:53:30 AM,88
11/29/2016 10:53:35 AM,87
11/29/2016 10:53:50 AM,87
11/29/2016 10:54:05 AM,87
11/29/2016 10:54:20 AM,88
11/29/2016 10:54:30 AM,90
11/29/2016 10:54:35 AM,91
11/29/2016 10:54:50 AM,91
11/29/2016 10:54:55 AM,90
11/29/2016 10:55:00 AM,91
11/29/2016 10:55:05 AM,91
11/29/2016 10:55:20 AM,91
11/29/2016 10:55:30 AM,91
11/29/2016 10:55:35 AM,90
11/29/2016 10:55:40 AM,91
11/29/2016 10:55:50 AM,90
11/29/2016 10:55:55 AM,90
11/29/2016 10:56:10 AM,90
11/29/2016 10:56:20 AM,92
11/29/2016 10:56:35 AM,93
11/29/2016 10:56:50 AM,92
11/29/2016 10:57:00 AM,90
11/29/2016 10:57:10 AM,89
11/29/2016 10:57:20 AM,89
11/29/2016 10:57:35 AM,90
11/29/2016 10:57:40 AM,91
11/29/2016 10:57:45 AM,90
11/29/2016 10:58:00 AM,90
11/29/2016 10:58:05 AM,91
11/29/2016 10:58:10 AM,89
11/29/2016 10:58:20 AM,88
11/29/2016 10:58:30 AM,88
11/29/2016 10:58:40 AM,89
11/29/2016 10:58:55 AM,89
11/29/2016 10:59:00 AM,95
11/29/2016 10:59:05 AM,94
11/29/2016 10:59:20 AM,90
11/29/2016 10:59:30 AM,92
11/29/2016 10:59:45 AM,93
11/29/2016 10:59:50 AM,94
11/29/2016 11:00:05 AM,93
11/29/2016 11:00:10 AM,92
11/29/2016 11:00:25 AM,91
11/29/2016 11:00:30 AM,90
11/29/2016 11:00:35 AM,87
11/29/2016 11:00:40 AM,87
11/29/2016 11:00:45 AM,85
11/29/2016 11:01:00 AM,85
11/29/2016 11:01:15 AM,84
11/29/2016 11:01:30 AM,82
11/29/2016 11:01:40 AM,80
11/29/2016 11:01:45 AM,79
11/29/2016 11:01:50 AM,77
11/29/2016 11:02:00 AM,78
11/29/2016 11:02:15 AM,78
11/29/2016 11:02:20 AM,81
11/29/2016 11:02:25 AM,84
11/29/2016 11:02:40 AM,84
11/29/2016 11:02:50 AM,84
11/29/2016 11:02:55 AM,83
11/29/2016 11:03:10 AM,83
11/29/2016 11:03:20 AM,84
11/29/2016 11:03:25 AM,83
11/29/2016 11:03:30 AM,82
11/29/2016 11:03:45 AM,82
11/29/2016 11:04:00 AM,82
11/29/2016 11:04:15 AM,82
11/29/2016 11:04:25 AM,81
11/29/2016 11:04:35 AM,82
11/29/2016 11:04:40 AM,84
11/29/2016 11:04:45 AM,87
11/29/2016 11:04:50 AM,90
11/29/2016 11:04:55 AM,94
11/29/2016 11:05:00 AM,98
11/29/2016 11:05:05 AM,100
11/29/2016 11:05:10 AM,102
11/29/2016 11:05:15 AM,103
11/29/2016 11:05:20 AM,101
11/29/2016 11:05:35 AM,95
11/29/2016 11:05:40 AM,94
11/29/2016 11:05:55 AM,93
11/29/2016 11:06:10 AM,97
11/29/2016 11:06:15 AM,98
11/29/2016 11:06:20 AM,97
11/29/2016 11:06:35 AM,96
11/29/2016 11:06:45 AM,95
11/29/2016 11:06:50 AM,93
11/29/2016 11:06:55 AM,89
11/29/2016 11:07:00 AM,86
11/29/2016 11:07:05 AM,84
11/29/2016 11:07:10 AM,81
11/29/2016 11:07:15 AM,79
11/29/2016 11:07:20 AM,82
11/29/2016 11:07:30 AM,83
11/29/2016 11:07:40 AM,87
11/29/2016 11:07:45 AM,88
11/29/2016 11:07:50 AM,89
11/29/2016 11:07:55 AM,89
11/29/2016 11:08:00 AM,90
11/29/2016 11:08:05 AM,92
11/29/2016 11:08:10 AM,93
11/29/2016 11:08:20 AM,94
11/29/2016 11:08:30 AM,95
11/29/2016 11:08:35 AM,94
11/29/2016 11:08:50 AM,94
11/29/2016 11:08:55 AM,93
11/29/2016 11:09:00 AM,92
11/29/2016 11:09:05 AM,91
11/29/2016 11:09:10 AM,90
11/29/2016 11:09:20 AM,89
11/29/2016 11:09:30 AM,90
11/29/2016 11:09:45 AM,91
11/29/2016 11:10:00 AM,92
11/29/2016 11:10:05 AM,93
11/29/2016 11:10:20 AM,93
11/29/2016 11:10:25 AM,92
11/29/2016 11:10:30 AM,90
11/29/2016 11:10:35 AM,88
11/29/2016 11:10:40 AM,90
11/29/2016 11:10:45 AM,91
11/29/2016 11:10:50 AM,92
11/29/2016 11:11:00 AM,90
11/29/2016 11:11:15 AM,90
11/29/2016 11:11:20 AM,92
11/29/2016 11:11:25 AM,92
11/29/2016 11:11:40 AM,92
11/29/2016 11:11:55 AM,92
11/29/2016 11:12:00 AM,90
11/29/2016 11:12:05 AM,89
11/29/2016 11:12:10 AM,87
11/29/2016 11:12:15 AM,89
11/29/2016 11:12:20 AM,90
11/29/2016 11:12:25 AM,92
11/29/2016 11:12:30 AM,94
11/29/2016 11:12:35 AM,91
11/29/2016 11:12:40 AM,89
11/29/2016 11:12:50 AM,90
11/29/2016 11:12:55 AM,93
11/29/2016 11:13:00 AM,94
11/29/2016 11:13:15 AM,93
11/29/2016 11:13:30 AM,93
11/29/2016 11:13:40 AM,92
11/29/2016 11:13:50 AM,90
11/29/2016 11:13:55 AM,92
11/29/2016 11:14:00 AM,96
11/29/2016 11:14:05 AM,98
11/29/2016 11:14:10 AM,97
11/29/2016 11:14:15 AM,95
11/29/2016 11:14:20 AM,90
11/29/2016 11:14:25 AM,89
11/29/2016 11:14:35 AM,88
11/29/2016 11:14:40 AM,89
11/29/2016 11:14:50 AM,90
11/29/2016 11:14:55 AM,91
11/29/2016 11:15:00 AM,94
11/29/2016 11:15:05 AM,95
11/29/2016 11:15:15 AM,90
11/29/2016 11:15:30 AM,94
11/29/2016 11:15:40 AM,95
11/29/2016 11:15:55 AM,94
11/29/2016 11:16:00 AM,93
11/29/2016 11:16:10 AM,90
11/29/2016 11:16:25 AM,90
11/29/2016 11:16:40 AM,90
11/29/2016 11:16:50 AM,89
11/29/2016 11:16:55 AM,86
11/29/2016 11:17:05 AM,86
11/29/2016 11:17:15 AM,85
11/29/2016 11:17:25 AM,86
11/29/2016 11:17:30 AM,89
11/29/2016 11:17:40 AM,93
11/29/2016 11:17:55 AM,93
11/29/2016 11:18:05 AM,92
11/29/2016 11:18:20 AM,92
11/29/2016 11:18:30 AM,92
11/29/2016 11:18:45 AM,92
11/29/2016 11:19:00 AM,93
11/29/2016 11:19:15 AM,93
11/29/2016 11:19:20 AM,91
11/29/2016 11:19:25 AM,93
11/29/2016 11:19:30 AM,94
11/29/2016 11:19:35 AM,94
11/29/2016 11:19:40 AM,96
11/29/2016 11:19:45 AM,97
11/29/2016 11:20:00 AM,97
11/29/2016 11:20:10 AM,99
11/29/2016 11:20:15 AM,98
11/29/2016 11:20:20 AM,97
11/29/2016 11:20:25 AM,94
11/29/2016 11:20:30 AM,92
11/29/2016 11:20:45 AM,92
11/29/2016 11:20:50 AM,93
11/29/2016 11:21:05 AM,92
11/29/2016 11:21:20 AM,93
11/29/2016 11:21:25 AM,95
11/29/2016 11:21:30 AM,96
11/29/2016 11:21:35 AM,97
11/29/2016 11:21:50 AM,97
11/29/2016 11:22:05 AM,97
11/29/2016 11:22:15 AM,94
11/29/2016 11:22:20 AM,92
11/29/2016 11:22:25 AM,93
11/29/2016 11:22:40 AM,93
11/29/2016 11:22:50 AM,94
11/29/2016 11:22:55 AM,95
11/29/2016 11:23:00 AM,95
11/29/2016 11:23:10 AM,96
11/29/2016 11:23:25 AM,96
11/29/2016 11:23:30 AM,97
11/29/2016 11:23:35 AM,98
11/29/2016 11:23:45 AM,100
11/29/2016 11:23:50 AM,101
11/29/2016 11:24:00 AM,98
11/29/2016 11:24:05 AM,92
11/29/2016 11:24:10 AM,90
11/29/2016 11:24:15 AM,87
11/29/2016 11:24:30 AM,88
11/29/2016 11:24:35 AM,87
11/29/2016 11:24:40 AM,88
11/29/2016 11:24:50 AM,88
11/29/2016 11:25:05 AM,87
11/29/2016 11:25:10 AM,88
11/29/2016 11:25:25 AM,88
11/29/2016 11:25:35 AM,90
11/29/2016 11:25:50 AM,90
11/29/2016 11:26:00 AM,94
11/29/2016 11:26:15 AM,94
11/29/2016 11:26:20 AM,95
11/29/2016 11:26:25 AM,95
11/29/2016 11:26:30 AM,97
11/29/2016 11:26:40 AM,96
11/29/2016 11:26:50 AM,99
11/29/2016 11:26:55 AM,99
11/29/2016 11:27:05 AM,100
11/29/2016 11:27:10 AM,102
11/29/2016 11:27:25 AM,103
11/29/2016 11:27:30 AM,104
11/29/2016 11:27:35 AM,105
11/29/2016 11:27:45 AM,106
11/29/2016 11:27:50 AM,107
11/29/2016 11:28:05 AM,108
11/29/2016 11:28:20 AM,108
11/29/2016 11:28:25 AM,107
11/29/2016 11:28:40 AM,107
11/29/2016 11:28:50 AM,105
11/29/2016 11:28:55 AM,103
11/29/2016 11:29:00 AM,101
11/29/2016 11:29:05 AM,98
11/29/2016 11:29:10 AM,95
11/29/2016 11:29:15 AM,94
11/29/2016 11:29:20 AM,95
11/29/2016 11:29:25 AM,94
11/29/2016 11:29:30 AM,92
11/29/2016 11:29:35 AM,90
11/29/2016 11:29:45 AM,91
11/29/2016 11:29:50 AM,94
11/29/2016 11:29:55 AM,93
11/29/2016 11:30:00 AM,87
11/29/2016 11:30:05 AM,84
11/29/2016 11:30:10 AM,84
11/29/2016 11:30:20 AM,90
11/29/2016 11:30:25 AM,91
11/29/2016 11:30:30 AM,92
11/29/2016 11:30:35 AM,91
11/29/2016 11:30:40 AM,93
11/29/2016 11:30:45 AM,96
11/29/2016 11:31:00 AM,97
11/29/2016 11:31:10 AM,97
11/29/2016 11:31:15 AM,96
11/29/2016 11:31:20 AM,95
11/29/2016 11:31:30 AM,99
11/29/2016 11:31:40 AM,92
11/29/2016 11:31:50 AM,91
11/29/2016 11:32:05 AM,91
11/29/2016 11:32:10 AM,90
11/29/2016 11:32:15 AM,91
11/29/2016 11:32:20 AM,90
11/29/2016 11:32:30 AM,89
11/29/2016 11:32:40 AM,90
11/29/2016 11:32:50 AM,91
11/29/2016 11:33:05 AM,91
11/29/2016 11:33:20 AM,92
11/29/2016 11:33:35 AM,92
11/29/2016 11:33:45 AM,93
11/29/2016 11:34:00 AM,93
11/29/2016 11:34:10 AM,94
11/29/2016 11:34:15 AM,94
11/29/2016 11:34:20 AM,93
11/29/2016 11:34:30 AM,91
11/29/2016 11:34:35 AM,88
11/29/2016 11:34:45 AM,87
11/29/2016 11:34:50 AM,88
11/29/2016 11:35:05 AM,89
11/29/2016 11:35:20 AM,89
11/29/2016 11:35:30 AM,90
11/29/2016 11:35:35 AM,91
11/29/2016 11:35:40 AM,93
11/29/2016 11:35:45 AM,94
11/29/2016 11:35:50 AM,93
11/29/2016 11:35:55 AM,90
11/29/2016 11:36:00 AM,87
11/29/2016 11:36:15 AM,87
11/29/2016 11:36:20 AM,88
11/29/2016 11:36:35 AM,88
11/29/2016 11:36:50 AM,88
11/29/2016 11:37:05 AM,88
11/29/2016 11:37:20 AM,88
11/29/2016 11:37:30 AM,87
11/29/2016 11:37:45 AM,87
11/29/2016 11:37:50 AM,85
11/29/2016 11:37:55 AM,86
11/29/2016 11:38:00 AM,89
11/29/2016 11:38:05 AM,91
11/29/2016 11:38:10 AM,91
11/29/2016 11:38:25 AM,91
11/29/2016 11:38:40 AM,91
11/29/2016 11:38:50 AM,89
11/29/2016 11:39:05 AM,89
11/29/2016 11:39:10 AM,90
11/29/2016 11:39:20 AM,85
11/29/2016 11:39:25 AM,83
11/29/2016 11:39:30 AM,86
11/29/2016 11:39:35 AM,89
11/29/2016 11:39:40 AM,90
11/29/2016 11:39:45 AM,91
11/29/2016 11:39:50 AM,92
11/29/2016 11:39:55 AM,93
11/29/2016 11:40:00 AM,95
11/29/2016 11:40:05 AM,102
11/29/2016 11:40:10 AM,105
11/29/2016 11:40:15 AM,107
11/29/2016 11:40:20 AM,105
11/29/2016 11:40:25 AM,101
11/29/2016 11:40:30 AM,99
11/29/2016 11:40:35 AM,97
11/29/2016 11:40:45 AM,98
11/29/2016 11:40:50 AM,100
11/29/2016 11:40:55 AM,103
11/29/2016 11:41:00 AM,105
11/29/2016 11:41:05 AM,109
11/29/2016 11:41:10 AM,110
11/29/2016 11:41:20 AM,118
11/29/2016 11:41:25 AM,119
11/29/2016 11:41:30 AM,117
11/29/2016 11:41:35 AM,116
11/29/2016 11:41:45 AM,113
11/29/2016 11:41:50 AM,96
11/29/2016 11:41:55 AM,93
11/29/2016 11:42:00 AM,94
11/29/2016 11:42:05 AM,93
11/29/2016 11:42:10 AM,94
11/29/2016 11:42:25 AM,94
11/29/2016 11:42:35 AM,91
11/29/2016 11:42:40 AM,91
11/29/2016 11:42:55 AM,90
11/29/2016 11:43:10 AM,91
11/29/2016 11:43:25 AM,88
11/29/2016 11:43:40 AM,88
11/29/2016 11:43:45 AM,89
11/29/2016 11:43:50 AM,91
11/29/2016 11:44:00 AM,92
11/29/2016 11:44:10 AM,93
11/29/2016 11:44:20 AM,93
11/29/2016 11:44:30 AM,95
11/29/2016 11:44:40 AM,95
11/29/2016 11:44:50 AM,96
11/29/2016 11:45:00 AM,97
11/29/2016 11:45:05 AM,96
11/29/2016 11:45:20 AM,96
11/29/2016 11:45:30 AM,91
11/29/2016 11:45:35 AM,90
11/29/2016 11:45:45 AM,92
11/29/2016 11:45:50 AM,91
11/29/2016 11:46:00 AM,90
11/29/2016 11:46:15 AM,90
11/29/2016 11:46:20 AM,93
11/29/2016 11:46:35 AM,93
11/29/2016 11:46:40 AM,96
11/29/2016 11:46:50 AM,97
11/29/2016 11:47:00 AM,92
11/29/2016 11:47:10 AM,91
11/29/2016 11:47:20 AM,93
11/29/2016 11:47:25 AM,91
11/29/2016 11:47:35 AM,92
11/29/2016 11:47:50 AM,92
11/29/2016 11:47:55 AM,92
11/29/2016 11:48:00 AM,91
11/29/2016 11:48:10 AM,87
11/29/2016 11:48:15 AM,88
11/29/2016 11:48:30 AM,88
11/29/2016 11:48:35 AM,87
11/29/2016 11:48:40 AM,88
11/29/2016 11:48:55 AM,84
11/29/2016 11:49:00 AM,82
11/29/2016 11:49:10 AM,81
11/29/2016 11:49:20 AM,80
11/29/2016 11:49:25 AM,79
11/29/2016 11:49:30 AM,78
11/29/2016 11:49:40 AM,77
11/29/2016 11:49:55 AM,77
11/29/2016 11:50:00 AM,77
11/29/2016 11:50:05 AM,77
11/29/2016 11:50:10 AM,78
11/29/2016 11:50:15 AM,77
11/29/2016 11:50:20 AM,79
11/29/2016 11:50:25 AM,82
11/29/2016 11:50:40 AM,82
11/29/2016 11:50:50 AM,83
11/29/2016 11:50:55 AM,82
11/29/2016 11:51:00 AM,83
11/29/2016 11:51:15 AM,83
11/29/2016 11:51:25 AM,85
11/29/2016 11:51:40 AM,85
11/29/2016 11:51:55 AM,85
11/29/2016 11:52:00 AM,87
11/29/2016 11:52:05 AM,89
11/29/2016 11:52:10 AM,91
11/29/2016 11:52:15 AM,91
11/29/2016 11:52:20 AM,93
11/29/2016 11:52:25 AM,94
11/29/2016 11:52:30 AM,96
11/29/2016 11:52:40 AM,95
11/29/2016 11:52:50 AM,95
11/29/2016 11:53:05 AM,94
11/29/2016 11:53:10 AM,93
11/29/2016 11:53:20 AM,97
11/29/2016 11:53:30 AM,93
11/29/2016 11:53:40 AM,93
11/29/2016 11:53:50 AM,95
11/29/2016 11:53:55 AM,96
11/29/2016 11:54:00 AM,95
11/29/2016 11:54:10 AM,96
11/29/2016 11:54:15 AM,95
11/29/2016 11:54:20 AM,96
11/29/2016 11:54:25 AM,96
11/29/2016 11:54:30 AM,95
11/29/2016 11:54:40 AM,93
11/29/2016 11:54:50 AM,93
11/29/2016 11:55:00 AM,94
11/29/2016 11:55:10 AM,95
11/29/2016 11:55:25 AM,95
11/29/2016 11:55:30 AM,96
11/29/2016 11:55:40 AM,95
11/29/2016 11:55:50 AM,96
11/29/2016 11:56:00 AM,95
11/29/2016 11:56:10 AM,95
11/29/2016 11:56:25 AM,95
11/29/2016 11:56:30 AM,94
11/29/2016 11:56:40 AM,95
11/29/2016 11:56:55 AM,95
11/29/2016 11:57:00 AM,94
11/29/2016 11:57:15 AM,94
11/29/2016 11:57:30 AM,96
11/29/2016 11:57:35 AM,95
11/29/2016 11:57:40 AM,97
11/29/2016 11:57:55 AM,96
11/29/2016 11:58:00 AM,97
11/29/2016 11:58:10 AM,96
11/29/2016 11:58:25 AM,96
11/29/2016 11:58:40 AM,96
11/29/2016 11:58:50 AM,96
11/29/2016 11:58:55 AM,94
11/29/2016 11:59:00 AM,95
11/29/2016 11:59:05 AM,96
11/29/2016 11:59:10 AM,95
11/29/2016 11:59:25 AM,95
11/29/2016 11:59:40 AM,95
11/29/2016 11:59:50 AM,94
11/29/2016 12:00:00 PM,95
11/29/2016 12:00:15 PM,95
11/29/2016 12:00:25 PM,96
11/29/2016 12:00:40 PM,96
11/29/2016 12:00:45 PM,96
11/29/2016 12:00:50 PM,95
11/29/2016 12:01:05 PM,95
11/29/2016 12:01:10 PM,94
11/29/2016 12:01:25 PM,95
11/29/2016 12:01:30 PM,97
11/29/2016 12:01:35 PM,98
11/29/2016 12:01:40 PM,99
11/29/2016 12:01:45 PM,100
11/29/2016 12:01:50 PM,101
11/29/2016 12:01:55 PM,100
11/29/2016 12:02:00 PM,103
11/29/2016 12:02:15 PM,104
11/29/2016 12:02:20 PM,105
11/29/2016 12:02:30 PM,96
11/29/2016 12:02:35 PM,95
11/29/2016 12:02:45 PM,94
11/29/2016 12:02:55 PM,92
11/29/2016 12:03:00 PM,91
11/29/2016 12:03:15 PM,91
11/29/2016 12:03:30 PM,91
11/29/2016 12:03:40 PM,91
11/29/2016 12:03:50 PM,90
11/29/2016 12:04:00 PM,91
11/29/2016 12:04:05 PM,90
11/29/2016 12:04:20 PM,89
11/29/2016 12:04:25 PM,88
11/29/2016 12:04:40 PM,87
11/29/2016 12:04:50 PM,93
11/29/2016 12:05:00 PM,92
11/29/2016 12:05:05 PM,93
11/29/2016 12:05:10 PM,94
11/29/2016 12:05:25 PM,94
11/29/2016 12:05:30 PM,95
11/29/2016 12:05:40 PM,93
11/29/2016 12:05:55 PM,93
11/29/2016 12:06:00 PM,98
11/29/2016 12:06:10 PM,98
11/29/2016 12:06:20 PM,99
11/29/2016 12:06:35 PM,99
11/29/2016 12:06:40 PM,99
11/29/2016 12:06:55 PM,99
11/29/2016 12:07:10 PM,99
11/29/2016 12:07:15 PM,99
11/29/2016 12:07:20 PM,100
11/29/2016 12:07:25 PM,100
11/29/2016 12:07:40 PM,100
11/29/2016 12:07:55 PM,100
11/29/2016 12:08:10 PM,101
11/29/2016 12:08:25 PM,101
11/29/2016 12:08:30 PM,102
11/29/2016 12:08:35 PM,104
11/29/2016 12:08:40 PM,102
11/29/2016 12:08:45 PM,100
11/29/2016 12:08:50 PM,97
11/29/2016 12:08:55 PM,97
11/29/2016 12:09:05 PM,97
11/29/2016 12:09:10 PM,98
11/29/2016 12:09:15 PM,99
11/29/2016 12:09:30 PM,99
11/29/2016 12:09:35 PM,98
11/29/2016 12:09:50 PM,98
11/29/2016 12:10:00 PM,99
11/29/2016 12:10:05 PM,98
11/29/2016 12:10:10 PM,96
11/29/2016 12:10:15 PM,96
11/29/2016 12:10:20 PM,95
11/29/2016 12:10:35 PM,95
11/29/2016 12:10:50 PM,95
11/29/2016 12:10:55 PM,94
11/29/2016 12:11:10 PM,93
11/29/2016 12:11:15 PM,94
11/29/2016 12:11:25 PM,93
11/29/2016 12:11:30 PM,92
11/29/2016 12:11:40 PM,93
11/29/2016 12:11:45 PM,95
11/29/2016 12:12:00 PM,96
11/29/2016 12:12:10 PM,100
11/29/2016 12:12:20 PM,104
11/29/2016 12:12:30 PM,102
11/29/2016 12:12:40 PM,105
11/29/2016 12:12:50 PM,95
11/29/2016 12:12:55 PM,95
11/29/2016 12:13:10 PM,95
11/29/2016 12:13:15 PM,96
11/29/2016 12:13:30 PM,95
11/29/2016 12:13:40 PM,92
11/29/2016 12:13:45 PM,97
11/29/2016 12:13:50 PM,94
11/29/2016 12:13:55 PM,90
11/29/2016 12:14:00 PM,89
11/29/2016 12:14:10 PM,92
11/29/2016 12:14:20 PM,95
11/29/2016 12:14:25 PM,93
11/29/2016 12:14:30 PM,92
11/29/2016 12:14:35 PM,91
11/29/2016 12:14:40 PM,88
11/29/2016 12:14:50 PM,85
11/29/2016 12:14:55 PM,87
11/29/2016 12:15:00 PM,87
11/29/2016 12:15:10 PM,85
11/29/2016 12:15:15 PM,84
11/29/2016 12:15:20 PM,87
11/29/2016 12:15:25 PM,95
11/29/2016 12:15:30 PM,96
11/29/2016 12:15:40 PM,94
11/29/2016 12:15:55 PM,95
11/29/2016 12:16:00 PM,98
11/29/2016 12:16:10 PM,99
11/29/2016 12:16:15 PM,100
11/29/2016 12:16:20 PM,98
11/29/2016 12:16:25 PM,97
11/29/2016 12:16:30 PM,96
11/29/2016 12:16:35 PM,95
11/29/2016 12:16:40 PM,94
11/29/2016 12:16:50 PM,93
11/29/2016 12:17:00 PM,92
11/29/2016 12:17:15 PM,92
11/29/2016 12:17:20 PM,93
11/29/2016 12:17:25 PM,94
11/29/2016 12:17:40 PM,94
11/29/2016 12:17:55 PM,94
11/29/2016 12:18:10 PM,95
11/29/2016 12:18:15 PM,96
11/29/2016 12:18:25 PM,98
11/29/2016 12:18:30 PM,98
11/29/2016 12:18:40 PM,99
11/29/2016 12:18:45 PM,100
11/29/2016 12:18:50 PM,103
11/29/2016 12:18:55 PM,103
11/29/2016 12:19:00 PM,103
11/29/2016 12:19:05 PM,102
11/29/2016 12:19:10 PM,101
11/29/2016 12:19:15 PM,100
11/29/2016 12:19:20 PM,101
11/29/2016 12:19:35 PM,101
11/29/2016 12:19:40 PM,100
11/29/2016 12:19:45 PM,101
11/29/2016 12:20:00 PM,100
11/29/2016 12:20:15 PM,100
11/29/2016 12:20:25 PM,99
11/29/2016 12:20:35 PM,97
11/29/2016 12:20:50 PM,97
11/29/2016 12:21:05 PM,96
11/29/2016 12:21:10 PM,97
11/29/2016 12:21:20 PM,95
11/29/2016 12:21:25 PM,96
11/29/2016 12:21:40 PM,96
11/29/2016 12:21:55 PM,96
11/29/2016 12:22:00 PM,95
11/29/2016 12:22:10 PM,91
11/29/2016 12:22:15 PM,88
11/29/2016 12:22:20 PM,89
11/29/2016 12:22:25 PM,92
11/29/2016 12:22:40 PM,90
11/29/2016 12:22:55 PM,90
11/29/2016 12:23:10 PM,90
11/29/2016 12:23:15 PM,91
11/29/2016 12:23:30 PM,89
11/29/2016 12:23:35 PM,88
11/29/2016 12:23:45 PM,89
11/29/2016 12:23:50 PM,91
11/29/2016 12:23:55 PM,92
11/29/2016 12:24:05 PM,90
11/29/2016 12:24:10 PM,89
11/29/2016 12:24:15 PM,90
11/29/2016 12:24:25 PM,89
11/29/2016 12:24:40 PM,90
11/29/2016 12:24:45 PM,92
11/29/2016 12:24:55 PM,91
11/29/2016 12:25:10 PM,91
11/29/2016 12:25:20 PM,89
11/29/2016 12:25:30 PM,88
11/29/2016 12:25:40 PM,89
11/29/2016 12:25:45 PM,88
11/29/2016 12:25:50 PM,86
11/29/2016 12:26:05 PM,86
11/29/2016 12:26:10 PM,87
11/29/2016 12:26:15 PM,89
11/29/2016 12:26:30 PM,89
11/29/2016 12:26:40 PM,89
11/29/2016 12:26:45 PM,90
11/29/2016 12:27:00 PM,90
11/29/2016 12:27:15 PM,90
11/29/2016 12:27:20 PM,91
11/29/2016 12:27:35 PM,91
11/29/2016 12:27:40 PM,92
11/29/2016 12:27:50 PM,93
11/29/2016 12:27:55 PM,94
11/29/2016 12:28:00 PM,95
11/29/2016 12:28:15 PM,95
11/29/2016 12:28:30 PM,95
11/29/2016 12:28:40 PM,93
11/29/2016 12:28:50 PM,94
11/29/2016 12:28:55 PM,94
11/29/2016 12:29:10 PM,94
11/29/2016 12:29:25 PM,94
11/29/2016 12:29:35 PM,94
11/29/2016 12:29:40 PM,95
11/29/2016 12:29:55 PM,95
11/29/2016 12:30:10 PM,95
11/29/2016 12:30:20 PM,94
11/29/2016 12:30:25 PM,93
11/29/2016 12:30:30 PM,92
11/29/2016 12:30:45 PM,92
11/29/2016 12:30:50 PM,90
11/29/2016 12:31:05 PM,90
11/29/2016 12:31:20 PM,90
11/29/2016 12:31:35 PM,90
11/29/2016 12:31:40 PM,91
11/29/2016 12:31:45 PM,92
11/29/2016 12:31:50 PM,101
11/29/2016 12:31:55 PM,101
11/29/2016 12:32:10 PM,101
11/29/2016 12:32:15 PM,99
11/29/2016 12:32:20 PM,99
11/29/2016 12:32:35 PM,99
11/29/2016 12:32:40 PM,98
11/29/2016 12:32:55 PM,98
11/29/2016 12:33:00 PM,98
11/29/2016 12:33:05 PM,97
11/29/2016 12:33:10 PM,96
11/29/2016 12:33:20 PM,94
11/29/2016 12:33:35 PM,94
11/29/2016 12:33:40 PM,93
11/29/2016 12:33:45 PM,94
11/29/2016 12:33:50 PM,94
11/29/2016 12:34:05 PM,94
11/29/2016 12:34:20 PM,96
11/29/2016 12:34:35 PM,96
11/29/2016 12:34:40 PM,95
11/29/2016 12:34:45 PM,95
11/29/2016 12:35:00 PM,95
11/29/2016 12:35:10 PM,97
11/29/2016 12:35:20 PM,97
11/29/2016 12:35:30 PM,96
11/29/2016 12:35:35 PM,96
11/29/2016 12:35:50 PM,97
11/29/2016 12:36:05 PM,97
11/29/2016 12:36:10 PM,97
11/29/2016 12:36:15 PM,98
11/29/2016 12:36:30 PM,97
11/29/2016 12:36:45 PM,97
11/29/2016 12:36:55 PM,96
11/29/2016 12:37:10 PM,96
11/29/2016 12:37:20 PM,99
11/29/2016 12:37:30 PM,96
11/29/2016 12:37:40 PM,96
11/29/2016 12:37:50 PM,97
11/29/2016 12:38:00 PM,102
11/29/2016 12:38:05 PM,100
11/29/2016 12:38:15 PM,98
11/29/2016 12:38:20 PM,97
11/29/2016 12:38:35 PM,96
11/29/2016 12:38:40 PM,95
11/29/2016 12:38:50 PM,92
11/29/2016 12:38:55 PM,90
11/29/2016 12:39:10 PM,90
11/29/2016 12:39:25 PM,90
11/29/2016 12:39:30 PM,85
11/29/2016 12:39:35 PM,84
11/29/2016 12:39:50 PM,84
11/29/2016 12:40:05 PM,84
11/29/2016 12:40:10 PM,83
11/29/2016 12:40:15 PM,80
11/29/2016 12:40:30 PM,80
11/29/2016 12:40:35 PM,82
11/29/2016 12:40:40 PM,92
11/29/2016 12:40:45 PM,95
11/29/2016 12:40:50 PM,98
11/29/2016 12:41:05 PM,98
11/29/2016 12:41:15 PM,100
11/29/2016 12:41:20 PM,101
11/29/2016 12:41:25 PM,100
11/29/2016 12:41:40 PM,101
11/29/2016 12:41:50 PM,100
11/29/2016 12:42:00 PM,100
11/29/2016 12:42:15 PM,100
11/29/2016 12:42:30 PM,99
11/29/2016 12:42:40 PM,98
11/29/2016 12:42:45 PM,97
11/29/2016 12:43:00 PM,97
11/29/2016 12:43:10 PM,96
11/29/2016 12:43:20 PM,95
11/29/2016 12:43:35 PM,95
11/29/2016 12:43:50 PM,95
11/29/2016 12:43:55 PM,95
11/29/2016 12:44:00 PM,94
11/29/2016 12:44:05 PM,96
11/29/2016 12:44:15 PM,94
11/29/2016 12:44:25 PM,95
11/29/2016 12:44:30 PM,98
11/29/2016 12:44:35 PM,98
11/29/2016 12:44:50 PM,97
11/29/2016 12:44:55 PM,96
11/29/2016 12:45:00 PM,95
11/29/2016 12:45:10 PM,95
11/29/2016 12:45:25 PM,95
11/29/2016 12:45:40 PM,95
11/29/2016 12:45:45 PM,97
11/29/2016 12:45:50 PM,98
11/29/2016 12:45:55 PM,98
11/29/2016 12:46:00 PM,97
11/29/2016 12:46:05 PM,98
11/29/2016 12:46:20 PM,98
11/29/2016 12:46:30 PM,96
11/29/2016 12:46:45 PM,96
11/29/2016 12:46:50 PM,97
11/29/2016 12:46:55 PM,100
11/29/2016 12:47:05 PM,97
11/29/2016 12:47:10 PM,93
11/29/2016 12:47:15 PM,96
11/29/2016 12:47:20 PM,105
11/29/2016 12:47:35 PM,105
11/29/2016 12:47:40 PM,104
11/29/2016 12:47:55 PM,104
11/29/2016 12:48:00 PM,100
11/29/2016 12:48:05 PM,98
11/29/2016 12:48:10 PM,98
11/29/2016 12:48:20 PM,96
11/29/2016 12:48:30 PM,96
11/29/2016 12:48:45 PM,96
11/29/2016 12:48:50 PM,94
11/29/2016 12:49:00 PM,93
11/29/2016 12:49:15 PM,93
11/29/2016 12:49:30 PM,93
11/29/2016 12:49:45 PM,93
11/29/2016 12:50:00 PM,92
11/29/2016 12:50:15 PM,93
11/29/2016 12:50:30 PM,93
11/29/2016 12:50:40 PM,93
11/29/2016 12:50:55 PM,94
11/29/2016 12:51:00 PM,94
11/29/2016 12:51:10 PM,95
11/29/2016 12:51:25 PM,96
11/29/2016 12:51:30 PM,93
11/29/2016 12:51:35 PM,90
11/29/2016 12:51:40 PM,91
11/29/2016 12:51:45 PM,88
11/29/2016 12:51:50 PM,85
11/29/2016 12:51:55 PM,87
11/29/2016 12:52:10 PM,84
11/29/2016 12:52:20 PM,91
11/29/2016 12:52:30 PM,91
11/29/2016 12:52:40 PM,92
11/29/2016 12:52:50 PM,92
11/29/2016 12:53:00 PM,96
11/29/2016 12:53:05 PM,96
11/29/2016 12:53:20 PM,96
11/29/2016 12:53:30 PM,95
11/29/2016 12:53:40 PM,96
11/29/2016 12:53:45 PM,95
11/29/2016 12:53:50 PM,94
11/29/2016 12:54:05 PM,92
11/29/2016 12:54:10 PM,91
11/29/2016 12:54:20 PM,86
11/29/2016 12:54:30 PM,84
11/29/2016 12:54:45 PM,84
11/29/2016 12:55:00 PM,86
11/29/2016 12:55:05 PM,89
11/29/2016 12:55:10 PM,91
11/29/2016 12:55:15 PM,92
11/29/2016 12:55:30 PM,93
11/29/2016 12:55:40 PM,95
11/29/2016 12:55:55 PM,95
11/29/2016 12:56:10 PM,94
11/29/2016 12:56:25 PM,94
11/29/2016 12:56:40 PM,94
11/29/2016 12:56:55 PM,94
11/29/2016 12:57:10 PM,94
11/29/2016 12:57:25 PM,94
11/29/2016 12:57:40 PM,93
11/29/2016 12:57:45 PM,92
11/29/2016 12:58:00 PM,89
11/29/2016 12:58:10 PM,88
11/29/2016 12:58:15 PM,88
11/29/2016 12:58:20 PM,86
11/29/2016 12:58:25 PM,85
11/29/2016 12:58:40 PM,85
11/29/2016 12:58:55 PM,85
11/29/2016 12:59:00 PM,89
11/29/2016 12:59:15 PM,90
11/29/2016 12:59:25 PM,89
11/29/2016 12:59:40 PM,89
11/29/2016 12:59:55 PM,89
11/29/2016 1:00:00 PM,90
11/29/2016 1:00:10 PM,92
11/29/2016 1:00:15 PM,92
11/29/2016 1:00:30 PM,92
11/29/2016 1:00:35 PM,91
11/29/2016 1:00:50 PM,89
11/29/2016 1:01:05 PM,89
11/29/2016 1:01:20 PM,89
11/29/2016 1:01:25 PM,89
11/29/2016 1:01:35 PM,90
11/29/2016 1:01:40 PM,91
11/29/2016 1:01:50 PM,92
11/29/2016 1:01:55 PM,93
11/29/2016 1:02:10 PM,95
11/29/2016 1:02:15 PM,95
11/29/2016 1:02:30 PM,95
11/29/2016 1:02:45 PM,95
11/29/2016 1:03:00 PM,95
11/29/2016 1:03:10 PM,96
11/29/2016 1:03:20 PM,100
11/29/2016 1:03:30 PM,102
11/29/2016 1:03:40 PM,104
11/29/2016 1:03:50 PM,105
11/29/2016 1:04:00 PM,104
11/29/2016 1:04:10 PM,101
11/29/2016 1:04:20 PM,100
11/29/2016 1:04:35 PM,99
11/29/2016 1:04:40 PM,98
11/29/2016 1:04:55 PM,98
11/29/2016 1:05:00 PM,102
11/29/2016 1:05:05 PM,106
11/29/2016 1:05:10 PM,108
11/29/2016 1:05:15 PM,111
11/29/2016 1:05:20 PM,113
11/29/2016 1:05:25 PM,109
11/29/2016 1:05:30 PM,110
11/29/2016 1:05:35 PM,111
11/29/2016 1:05:45 PM,115
11/29/2016 1:05:50 PM,117
11/29/2016 1:05:55 PM,120
11/29/2016 1:06:00 PM,120
11/29/2016 1:06:05 PM,120
11/29/2016 1:06:15 PM,119
11/29/2016 1:06:30 PM,119
11/29/2016 1:06:35 PM,118
11/29/2016 1:06:40 PM,119
11/29/2016 1:06:45 PM,116
11/29/2016 1:06:50 PM,115
11/29/2016 1:06:55 PM,116
11/29/2016 1:07:05 PM,115
11/29/2016 1:07:20 PM,114
11/29/2016 1:07:35 PM,113
11/29/2016 1:07:40 PM,112
11/29/2016 1:07:45 PM,109
11/29/2016 1:07:50 PM,106
11/29/2016 1:07:55 PM,104
11/29/2016 1:08:00 PM,101
11/29/2016 1:08:05 PM,97
11/29/2016 1:08:10 PM,97
11/29/2016 1:08:20 PM,95
11/29/2016 1:08:30 PM,95
11/29/2016 1:08:35 PM,95
11/29/2016 1:08:45 PM,94
11/29/2016 1:08:55 PM,94
11/29/2016 1:09:10 PM,94
11/29/2016 1:09:25 PM,94
11/29/2016 1:09:40 PM,91
11/29/2016 1:09:50 PM,90
11/29/2016 1:09:55 PM,85
11/29/2016 1:10:00 PM,83
11/29/2016 1:10:10 PM,81
11/29/2016 1:10:20 PM,79
11/29/2016 1:10:35 PM,90
11/29/2016 1:10:40 PM,90
11/29/2016 1:10:55 PM,90
11/29/2016 1:11:05 PM,92
11/29/2016 1:11:10 PM,93
11/29/2016 1:11:15 PM,94
11/29/2016 1:11:20 PM,95
11/29/2016 1:11:25 PM,98
11/29/2016 1:11:40 PM,95
11/29/2016 1:11:45 PM,96
11/29/2016 1:11:50 PM,100
11/29/2016 1:11:55 PM,99
11/29/2016 1:12:05 PM,97
11/29/2016 1:12:10 PM,98
11/29/2016 1:12:15 PM,101
11/29/2016 1:12:20 PM,102
11/29/2016 1:12:35 PM,105
11/29/2016 1:12:40 PM,104
11/29/2016 1:12:45 PM,107
11/29/2016 1:12:50 PM,110
11/29/2016 1:12:55 PM,112
11/29/2016 1:13:00 PM,111
11/29/2016 1:13:05 PM,110
11/29/2016 1:13:15 PM,106
11/29/2016 1:13:20 PM,103
11/29/2016 1:13:25 PM,100
11/29/2016 1:13:30 PM,90
11/29/2016 1:13:45 PM,90
11/29/2016 1:14:00 PM,90
11/29/2016 1:14:05 PM,91
11/29/2016 1:14:10 PM,94
11/29/2016 1:14:20 PM,95
11/29/2016 1:14:25 PM,96
11/29/2016 1:14:30 PM,94
11/29/2016 1:14:35 PM,95
11/29/2016 1:14:40 PM,97
11/29/2016 1:14:55 PM,95
11/29/2016 1:15:05 PM,97
11/29/2016 1:15:20 PM,97
11/29/2016 1:15:30 PM,96
11/29/2016 1:15:35 PM,97
11/29/2016 1:15:50 PM,98
11/29/2016 1:16:00 PM,97
11/29/2016 1:16:05 PM,94
11/29/2016 1:16:20 PM,94
11/29/2016 1:16:30 PM,95
11/29/2016 1:16:40 PM,92
11/29/2016 1:16:50 PM,94
11/29/2016 1:16:55 PM,96
11/29/2016 1:17:05 PM,98
11/29/2016 1:17:20 PM,97
11/29/2016 1:17:30 PM,99
11/29/2016 1:17:35 PM,100
11/29/2016 1:17:50 PM,100
11/29/2016 1:18:00 PM,102
11/29/2016 1:18:05 PM,101
11/29/2016 1:18:10 PM,103
11/29/2016 1:18:15 PM,105
11/29/2016 1:18:25 PM,106
11/29/2016 1:18:30 PM,109
11/29/2016 1:18:40 PM,106
11/29/2016 1:18:55 PM,108
11/29/2016 1:19:00 PM,109
11/29/2016 1:19:05 PM,104
11/29/2016 1:19:10 PM,103
11/29/2016 1:19:25 PM,104
11/29/2016 1:19:35 PM,103
11/29/2016 1:19:45 PM,103
11/29/2016 1:19:50 PM,100
11/29/2016 1:19:55 PM,101
11/29/2016 1:20:00 PM,102
11/29/2016 1:20:10 PM,94
11/29/2016 1:20:15 PM,88
11/29/2016 1:20:20 PM,91
11/29/2016 1:20:30 PM,96
11/29/2016 1:20:35 PM,99
11/29/2016 1:20:40 PM,95
11/29/2016 1:20:50 PM,99
11/29/2016 1:20:55 PM,99
11/29/2016 1:21:00 PM,99
11/29/2016 1:21:10 PM,99
11/29/2016 1:21:15 PM,98
11/29/2016 1:21:20 PM,97
11/29/2016 1:21:25 PM,95
11/29/2016 1:21:30 PM,94
11/29/2016 1:21:45 PM,92
11/29/2016 1:21:50 PM,91
11/29/2016 1:22:00 PM,90
11/29/2016 1:22:10 PM,90
11/29/2016 1:22:15 PM,92
11/29/2016 1:22:30 PM,92
11/29/2016 1:22:40 PM,91
11/29/2016 1:22:50 PM,90
11/29/2016 1:23:05 PM,90
11/29/2016 1:23:10 PM,90
11/29/2016 1:23:15 PM,88
11/29/2016 1:23:30 PM,89
11/29/2016 1:23:35 PM,90
11/29/2016 1:23:40 PM,91
11/29/2016 1:23:55 PM,91
11/29/2016 1:24:00 PM,92
11/29/2016 1:24:15 PM,92
11/29/2016 1:24:20 PM,89
11/29/2016 1:24:25 PM,88
11/29/2016 1:24:30 PM,86
11/29/2016 1:24:35 PM,88
11/29/2016 1:24:50 PM,90
11/29/2016 1:25:05 PM,89
11/29/2016 1:25:20 PM,89
11/29/2016 1:25:35 PM,89
11/29/2016 1:25:40 PM,90
11/29/2016 1:25:45 PM,92
11/29/2016 1:25:50 PM,94
11/29/2016 1:26:00 PM,95
11/29/2016 1:26:15 PM,95
11/29/2016 1:26:30 PM,95
11/29/2016 1:26:40 PM,92
11/29/2016 1:26:45 PM,92
11/29/2016 1:27:00 PM,92
11/29/2016 1:27:15 PM,92
11/29/2016 1:27:20 PM,93
11/29/2016 1:27:25 PM,92
11/29/2016 1:27:40 PM,92
11/29/2016 1:27:45 PM,90
11/29/2016 1:27:55 PM,88
11/29/2016 1:28:05 PM,90
11/29/2016 1:28:10 PM,91
11/29/2016 1:28:20 PM,92
11/29/2016 1:28:35 PM,90
11/29/2016 1:28:40 PM,87
11/29/2016 1:28:50 PM,80
11/29/2016 1:28:55 PM,79
11/29/2016 1:29:10 PM,92
11/29/2016 1:29:20 PM,88
11/29/2016 1:29:30 PM,90
11/29/2016 1:29:45 PM,90
11/29/2016 1:29:55 PM,89
11/29/2016 1:30:00 PM,88
11/29/2016 1:30:05 PM,88
11/29/2016 1:30:10 PM,89
11/29/2016 1:30:15 PM,88
11/29/2016 1:30:30 PM,88
11/29/2016 1:30:35 PM,90
11/29/2016 1:30:50 PM,90
11/29/2016 1:31:00 PM,88
11/29/2016 1:31:05 PM,88
11/29/2016 1:31:20 PM,88
11/29/2016 1:31:30 PM,87
11/29/2016 1:31:40 PM,86
11/29/2016 1:31:55 PM,86
11/29/2016 1:32:05 PM,85
11/29/2016 1:32:10 PM,85
11/29/2016 1:32:15 PM,86
11/29/2016 1:32:20 PM,87
11/29/2016 1:32:25 PM,87
11/29/2016 1:32:30 PM,87
11/29/2016 1:32:45 PM,87
11/29/2016 1:32:50 PM,88
11/29/2016 1:32:55 PM,89
11/29/2016 1:33:05 PM,90
11/29/2016 1:33:15 PM,89
11/29/2016 1:33:20 PM,88
11/29/2016 1:33:35 PM,88
11/29/2016 1:33:40 PM,87
11/29/2016 1:33:45 PM,89
11/29/2016 1:34:00 PM,89
11/29/2016 1:34:10 PM,87
11/29/2016 1:34:20 PM,87
11/29/2016 1:34:25 PM,87
11/29/2016 1:34:30 PM,87
11/29/2016 1:34:40 PM,86
11/29/2016 1:34:55 PM,86
11/29/2016 1:35:00 PM,85
11/29/2016 1:35:10 PM,85
11/29/2016 1:35:25 PM,85
11/29/2016 1:35:40 PM,85
11/29/2016 1:35:50 PM,83
11/29/2016 1:36:00 PM,83
11/29/2016 1:36:10 PM,84
11/29/2016 1:36:25 PM,84
11/29/2016 1:36:40 PM,83
11/29/2016 1:36:55 PM,83
11/29/2016 1:37:00 PM,83
11/29/2016 1:37:15 PM,83
11/29/2016 1:37:20 PM,83
11/29/2016 1:37:35 PM,83
11/29/2016 1:37:45 PM,83
11/29/2016 1:37:55 PM,82
11/29/2016 1:38:10 PM,82
11/29/2016 1:38:20 PM,92
11/29/2016 1:38:30 PM,92
11/29/2016 1:38:35 PM,92
11/29/2016 1:38:50 PM,92
11/29/2016 1:39:00 PM,90
11/29/2016 1:39:15 PM,90
11/29/2016 1:39:25 PM,91
11/29/2016 1:39:40 PM,91
11/29/2016 1:39:55 PM,90
11/29/2016 1:40:10 PM,90
11/29/2016 1:40:25 PM,90
11/29/2016 1:40:40 PM,90
11/29/2016 1:40:55 PM,90
11/29/2016 1:41:10 PM,90
11/29/2016 1:41:20 PM,91
11/29/2016 1:41:35 PM,92
11/29/2016 1:41:40 PM,90
11/29/2016 1:41:50 PM,89
11/29/2016 1:42:05 PM,89
11/29/2016 1:42:10 PM,89
11/29/2016 1:42:25 PM,89
11/29/2016 1:42:40 PM,89
11/29/2016 1:42:55 PM,88
11/29/2016 1:43:10 PM,88
11/29/2016 1:43:25 PM,88
11/29/2016 1:43:40 PM,88
11/29/2016 1:43:55 PM,88
11/29/2016 1:44:10 PM,88
11/29/2016 1:44:25 PM,88
11/29/2016 1:44:40 PM,88
11/29/2016 1:44:55 PM,88
11/29/2016 1:45:10 PM,88
11/29/2016 1:45:25 PM,88
11/29/2016 1:45:40 PM,88
11/29/2016 1:45:55 PM,88
11/29/2016 1:46:10 PM,88
11/29/2016 1:46:25 PM,88
11/29/2016 1:46:40 PM,88
11/29/2016 1:46:45 PM,87
11/29/2016 1:46:50 PM,86
11/29/2016 1:47:05 PM,86
11/29/2016 1:47:20 PM,86
11/29/2016 1:47:35 PM,87
11/29/2016 1:47:40 PM,88
11/29/2016 1:47:55 PM,88
11/29/2016 1:48:10 PM,88
11/29/2016 1:48:20 PM,88
11/29/2016 1:48:25 PM,89
11/29/2016 1:48:40 PM,89
11/29/2016 1:48:55 PM,89
11/29/2016 1:49:10 PM,89
11/29/2016 1:49:20 PM,88
11/29/2016 1:49:25 PM,89
11/29/2016 1:49:30 PM,90
11/29/2016 1:49:45 PM,90
11/29/2016 1:49:50 PM,89
11/29/2016 1:50:05 PM,88
11/29/2016 1:50:10 PM,88
11/29/2016 1:50:25 PM,88
11/29/2016 1:50:40 PM,88
11/29/2016 1:50:55 PM,88
11/29/2016 1:51:10 PM,88
11/29/2016 1:51:25 PM,88
11/29/2016 1:51:30 PM,86
11/29/2016 1:51:45 PM,86
11/29/2016 1:51:50 PM,87
11/29/2016 1:52:05 PM,87
11/29/2016 1:52:20 PM,85
11/29/2016 1:52:35 PM,85
11/29/2016 1:52:50 PM,85
11/29/2016 1:53:05 PM,85
11/29/2016 1:53:20 PM,85
11/29/2016 1:53:35 PM,85
11/29/2016 1:53:40 PM,85
11/29/2016 1:53:45 PM,86
11/29/2016 1:53:55 PM,86
11/29/2016 1:54:00 PM,85
11/29/2016 1:54:10 PM,84
11/29/2016 1:54:15 PM,84
11/29/2016 1:54:20 PM,82
11/29/2016 1:54:35 PM,82
11/29/2016 1:54:45 PM,80
11/29/2016 1:55:00 PM,80
11/29/2016 1:55:05 PM,81
11/29/2016 1:55:10 PM,82
11/29/2016 1:55:25 PM,82
11/29/2016 1:55:35 PM,80
11/29/2016 1:55:50 PM,80
11/29/2016 1:55:55 PM,80
11/29/2016 1:56:00 PM,79
11/29/2016 1:56:05 PM,79
11/29/2016 1:56:10 PM,79
11/29/2016 1:56:25 PM,79
11/29/2016 1:56:30 PM,78
11/29/2016 1:56:35 PM,77
11/29/2016 1:56:50 PM,75
11/29/2016 1:57:05 PM,75
11/29/2016 1:57:10 PM,92
11/29/2016 1:57:20 PM,94
11/29/2016 1:57:35 PM,94
11/29/2016 1:57:40 PM,94
11/29/2016 1:57:50 PM,95
11/29/2016 1:57:55 PM,94
11/29/2016 1:58:00 PM,94
11/29/2016 1:58:15 PM,95
11/29/2016 1:58:30 PM,95
11/29/2016 1:58:45 PM,95
11/29/2016 1:59:00 PM,94
11/29/2016 1:59:15 PM,94
11/29/2016 1:59:30 PM,95
11/29/2016 1:59:45 PM,95
11/29/2016 2:00:00 PM,94
11/29/2016 2:00:15 PM,94
11/29/2016 2:00:25 PM,92
11/29/2016 2:00:40 PM,92
11/29/2016 2:00:55 PM,93
11/29/2016 2:01:00 PM,92
11/29/2016 2:01:10 PM,93
11/29/2016 2:01:25 PM,93
11/29/2016 2:01:30 PM,94
11/29/2016 2:01:35 PM,95
11/29/2016 2:01:40 PM,94
11/29/2016 2:01:55 PM,93
11/29/2016 2:02:10 PM,93
11/29/2016 2:02:25 PM,91
11/29/2016 2:02:30 PM,91
11/29/2016 2:02:40 PM,91
11/29/2016 2:02:55 PM,91
11/29/2016 2:03:00 PM,89
11/29/2016 2:03:05 PM,89
11/29/2016 2:03:20 PM,89
11/29/2016 2:03:35 PM,89
11/29/2016 2:03:50 PM,88
11/29/2016 2:04:00 PM,86
11/29/2016 2:04:10 PM,85
11/29/2016 2:04:15 PM,84
11/29/2016 2:04:20 PM,83
11/29/2016 2:04:30 PM,83
11/29/2016 2:04:40 PM,85
11/29/2016 2:04:45 PM,86
11/29/2016 2:05:00 PM,86
11/29/2016 2:05:05 PM,84
11/29/2016 2:05:10 PM,83
11/29/2016 2:05:25 PM,83
11/29/2016 2:05:30 PM,87
11/29/2016 2:05:40 PM,90
11/29/2016 2:05:55 PM,90
11/29/2016 2:06:00 PM,91
11/29/2016 2:06:05 PM,91
11/29/2016 2:06:20 PM,90
11/29/2016 2:06:35 PM,90
11/29/2016 2:06:40 PM,90
11/29/2016 2:06:45 PM,90
11/29/2016 2:06:50 PM,91
11/29/2016 2:06:55 PM,91
11/29/2016 2:07:10 PM,91
11/29/2016 2:07:25 PM,91
11/29/2016 2:07:40 PM,91
11/29/2016 2:07:55 PM,91
11/29/2016 2:08:10 PM,91
11/29/2016 2:08:25 PM,91
11/29/2016 2:08:30 PM,90
11/29/2016 2:08:45 PM,88
11/29/2016 2:08:55 PM,88
11/29/2016 2:09:00 PM,86
11/29/2016 2:09:15 PM,86
11/29/2016 2:09:20 PM,85
11/29/2016 2:09:30 PM,85
11/29/2016 2:09:40 PM,85
11/29/2016 2:09:50 PM,85
11/29/2016 2:10:00 PM,85
11/29/2016 2:10:05 PM,84
11/29/2016 2:10:10 PM,83
11/29/2016 2:10:15 PM,81
11/29/2016 2:10:25 PM,80
11/29/2016 2:10:40 PM,80
11/29/2016 2:10:50 PM,79
11/29/2016 2:11:00 PM,79
11/29/2016 2:11:05 PM,79
11/29/2016 2:11:10 PM,67
11/29/2016 2:11:15 PM,68
11/29/2016 2:11:20 PM,69
11/29/2016 2:11:30 PM,67
11/29/2016 2:11:35 PM,68
11/29/2016 2:11:40 PM,68
11/29/2016 2:11:50 PM,69
11/29/2016 2:12:00 PM,70
11/29/2016 2:12:05 PM,69
11/29/2016 2:12:20 PM,69
11/29/2016 2:12:35 PM,69
11/29/2016 2:12:50 PM,87
11/29/2016 2:13:05 PM,87
11/29/2016 2:13:10 PM,88
11/29/2016 2:13:20 PM,88
11/29/2016 2:13:30 PM,93
11/29/2016 2:13:45 PM,93
11/29/2016 2:13:50 PM,95
11/29/2016 2:14:05 PM,95
11/29/2016 2:14:10 PM,94
11/29/2016 2:14:25 PM,94
11/29/2016 2:14:40 PM,94
11/29/2016 2:14:45 PM,91
11/29/2016 2:14:50 PM,90
11/29/2016 2:15:00 PM,92
11/29/2016 2:15:10 PM,91
11/29/2016 2:15:25 PM,91
11/29/2016 2:15:30 PM,88
11/29/2016 2:15:40 PM,92
11/29/2016 2:15:50 PM,90
11/29/2016 2:16:00 PM,91
11/29/2016 2:16:10 PM,92
11/29/2016 2:16:20 PM,91
11/29/2016 2:16:25 PM,92
11/29/2016 2:16:40 PM,91
11/29/2016 2:16:45 PM,91
11/29/2016 2:17:00 PM,91
11/29/2016 2:17:10 PM,87
11/29/2016 2:17:25 PM,87
11/29/2016 2:17:30 PM,89
11/29/2016 2:17:40 PM,90
11/29/2016 2:17:50 PM,88
11/29/2016 2:18:05 PM,88
11/29/2016 2:18:10 PM,90
11/29/2016 2:18:20 PM,89
11/29/2016 2:18:25 PM,88
11/29/2016 2:18:30 PM,87
11/29/2016 2:18:40 PM,88
11/29/2016 2:18:50 PM,92
11/29/2016 2:19:00 PM,90
11/29/2016 2:19:05 PM,90
11/29/2016 2:19:10 PM,90
11/29/2016 2:19:20 PM,89
11/29/2016 2:19:30 PM,88
11/29/2016 2:19:45 PM,89
11/29/2016 2:20:00 PM,89
11/29/2016 2:20:10 PM,88
11/29/2016 2:20:20 PM,87
11/29/2016 2:20:25 PM,87
11/29/2016 2:20:40 PM,87
11/29/2016 2:20:55 PM,86
11/29/2016 2:21:10 PM,86
11/29/2016 2:21:20 PM,86
11/29/2016 2:21:30 PM,86
11/29/2016 2:21:35 PM,85
11/29/2016 2:21:45 PM,86
11/29/2016 2:21:50 PM,88
11/29/2016 2:22:00 PM,87
11/29/2016 2:22:10 PM,86
11/29/2016 2:22:15 PM,85
11/29/2016 2:22:20 PM,84
11/29/2016 2:22:25 PM,83
11/29/2016 2:22:35 PM,89
11/29/2016 2:22:50 PM,88
11/29/2016 2:23:00 PM,86
11/29/2016 2:23:05 PM,87
11/29/2016 2:23:15 PM,88
11/29/2016 2:23:20 PM,90
11/29/2016 2:23:30 PM,89
11/29/2016 2:23:35 PM,89
11/29/2016 2:23:50 PM,89
11/29/2016 2:24:05 PM,89
11/29/2016 2:24:20 PM,89
11/29/2016 2:24:25 PM,88
11/29/2016 2:24:40 PM,88
11/29/2016 2:24:55 PM,88
11/29/2016 2:25:10 PM,88
11/29/2016 2:25:25 PM,88
11/29/2016 2:25:40 PM,88
11/29/2016 2:25:55 PM,88
11/29/2016 2:26:10 PM,88
11/29/2016 2:26:25 PM,89
11/29/2016 2:26:40 PM,89
11/29/2016 2:26:55 PM,88
11/29/2016 2:27:10 PM,86
11/29/2016 2:27:20 PM,85
11/29/2016 2:27:30 PM,92
11/29/2016 2:27:45 PM,91
11/29/2016 2:27:55 PM,90
11/29/2016 2:28:10 PM,87
11/29/2016 2:28:15 PM,87
11/29/2016 2:28:30 PM,87
11/29/2016 2:28:35 PM,86
11/29/2016 2:28:40 PM,84
11/29/2016 2:28:45 PM,85
11/29/2016 2:28:50 PM,82
11/29/2016 2:28:55 PM,83
11/29/2016 2:29:00 PM,85
11/29/2016 2:29:05 PM,86
11/29/2016 2:29:10 PM,85
11/29/2016 2:29:25 PM,85
11/29/2016 2:29:35 PM,86
11/29/2016 2:29:40 PM,87
11/29/2016 2:29:55 PM,87
11/29/2016 2:30:00 PM,86
11/29/2016 2:30:15 PM,86
11/29/2016 2:30:30 PM,86
11/29/2016 2:30:35 PM,86
11/29/2016 2:30:50 PM,86
11/29/2016 2:30:55 PM,83
11/29/2016 2:31:10 PM,83
11/29/2016 2:31:25 PM,83
11/29/2016 2:31:30 PM,83
11/29/2016 2:31:45 PM,83
11/29/2016 2:31:50 PM,84
11/29/2016 2:32:00 PM,88
11/29/2016 2:32:10 PM,90
11/29/2016 2:32:20 PM,91
11/29/2016 2:32:35 PM,91
11/29/2016 2:32:40 PM,89
11/29/2016 2:32:50 PM,90
11/29/2016 2:33:05 PM,90
11/29/2016 2:33:20 PM,90
11/29/2016 2:33:30 PM,91
11/29/2016 2:33:40 PM,88
11/29/2016 2:33:55 PM,88
11/29/2016 2:34:00 PM,80
11/29/2016 2:34:10 PM,79
11/29/2016 2:34:20 PM,77
11/29/2016 2:34:30 PM,82
11/29/2016 2:34:40 PM,88
11/29/2016 2:34:50 PM,90
11/29/2016 2:35:00 PM,89
11/29/2016 2:35:10 PM,90
11/29/2016 2:35:20 PM,91
11/29/2016 2:35:35 PM,91
11/29/2016 2:35:40 PM,92
11/29/2016 2:35:55 PM,92
11/29/2016 2:36:10 PM,93
11/29/2016 2:36:25 PM,93
11/29/2016 2:36:40 PM,92
11/29/2016 2:36:50 PM,91
11/29/2016 2:37:00 PM,90
11/29/2016 2:37:15 PM,90
11/29/2016 2:37:30 PM,90
11/29/2016 2:37:40 PM,88
11/29/2016 2:37:55 PM,88
11/29/2016 2:38:00 PM,87
11/29/2016 2:38:15 PM,87
11/29/2016 2:38:20 PM,88
11/29/2016 2:38:30 PM,88
11/29/2016 2:38:45 PM,86
11/29/2016 2:38:55 PM,87
11/29/2016 2:39:00 PM,88
11/29/2016 2:39:10 PM,86
11/29/2016 2:39:25 PM,86
11/29/2016 2:39:40 PM,86
11/29/2016 2:39:45 PM,86
11/29/2016 2:40:00 PM,84
11/29/2016 2:40:15 PM,85
11/29/2016 2:40:30 PM,85
11/29/2016 2:40:35 PM,84
11/29/2016 2:40:50 PM,84
11/29/2016 2:41:05 PM,84
11/29/2016 2:41:15 PM,83
11/29/2016 2:41:25 PM,83
11/29/2016 2:41:30 PM,82
11/29/2016 2:41:45 PM,82
11/29/2016 2:41:55 PM,81
11/29/2016 2:42:00 PM,80
11/29/2016 2:42:10 PM,79
11/29/2016 2:42:15 PM,79
11/29/2016 2:42:20 PM,79
11/29/2016 2:42:35 PM,79
11/29/2016 2:42:40 PM,80
11/29/2016 2:42:50 PM,85
11/29/2016 2:43:00 PM,87
11/29/2016 2:43:05 PM,86
11/29/2016 2:43:10 PM,90
11/29/2016 2:43:20 PM,86
11/29/2016 2:43:30 PM,85
11/29/2016 2:43:35 PM,85
11/29/2016 2:43:40 PM,86
11/29/2016 2:43:50 PM,85
11/29/2016 2:44:00 PM,84
11/29/2016 2:44:10 PM,85
11/29/2016 2:44:25 PM,85
11/29/2016 2:44:40 PM,86
11/29/2016 2:44:55 PM,86
11/29/2016 2:45:10 PM,87
11/29/2016 2:45:25 PM,87
11/29/2016 2:45:35 PM,86
11/29/2016 2:45:40 PM,86
11/29/2016 2:45:50 PM,86
11/29/2016 2:46:00 PM,86
11/29/2016 2:46:15 PM,86
11/29/2016 2:46:30 PM,86
11/29/2016 2:46:45 PM,86
11/29/2016 2:46:50 PM,87
11/29/2016 2:47:05 PM,87
11/29/2016 2:47:10 PM,87
11/29/2016 2:47:20 PM,86
11/29/2016 2:47:35 PM,86
11/29/2016 2:47:50 PM,89
11/29/2016 2:47:55 PM,90
11/29/2016 2:48:00 PM,89
11/29/2016 2:48:10 PM,88
11/29/2016 2:48:15 PM,90
11/29/2016 2:48:25 PM,89
11/29/2016 2:48:40 PM,89
11/29/2016 2:48:50 PM,89
11/29/2016 2:49:00 PM,90
11/29/2016 2:49:05 PM,92
11/29/2016 2:49:10 PM,90
11/29/2016 2:49:15 PM,88
11/29/2016 2:49:20 PM,89
11/29/2016 2:49:25 PM,87
11/29/2016 2:49:30 PM,86
11/29/2016 2:49:45 PM,84
11/29/2016 2:49:50 PM,85
11/29/2016 2:49:55 PM,86
11/29/2016 2:50:00 PM,87
11/29/2016 2:50:05 PM,88
11/29/2016 2:50:10 PM,90
11/29/2016 2:50:15 PM,91
11/29/2016 2:50:20 PM,91
11/29/2016 2:50:35 PM,90
11/29/2016 2:50:40 PM,89
11/29/2016 2:50:45 PM,88
11/29/2016 2:50:50 PM,89
11/29/2016 2:50:55 PM,91
11/29/2016 2:51:00 PM,92
11/29/2016 2:51:15 PM,92
11/29/2016 2:51:30 PM,92
11/29/2016 2:51:35 PM,92
11/29/2016 2:51:40 PM,92
11/29/2016 2:51:50 PM,91
11/29/2016 2:52:05 PM,91
11/29/2016 2:52:10 PM,91
11/29/2016 2:52:25 PM,91
11/29/2016 2:52:40 PM,90
11/29/2016 2:52:50 PM,90
11/29/2016 2:53:05 PM,89
11/29/2016 2:53:10 PM,88
11/29/2016 2:53:15 PM,87
11/29/2016 2:53:30 PM,86
11/29/2016 2:53:40 PM,86
11/29/2016 2:53:50 PM,83
11/29/2016 2:53:55 PM,82
11/29/2016 2:54:10 PM,82
11/29/2016 2:54:15 PM,79
11/29/2016 2:54:30 PM,78
11/29/2016 2:54:45 PM,78
11/29/2016 2:55:00 PM,78
11/29/2016 2:55:05 PM,79
11/29/2016 2:55:10 PM,81
11/29/2016 2:55:15 PM,82
11/29/2016 2:55:20 PM,77
11/29/2016 2:55:25 PM,85
11/29/2016 2:55:30 PM,90
11/29/2016 2:55:35 PM,90
11/29/2016 2:55:40 PM,89
11/29/2016 2:55:45 PM,90
11/29/2016 2:55:55 PM,91
11/29/2016 2:56:00 PM,92
11/29/2016 2:56:05 PM,93
11/29/2016 2:56:20 PM,93
11/29/2016 2:56:25 PM,95
11/29/2016 2:56:35 PM,96
11/29/2016 2:56:40 PM,97
11/29/2016 2:56:50 PM,97
11/29/2016 2:57:00 PM,98
11/29/2016 2:57:10 PM,99
11/29/2016 2:57:25 PM,101
11/29/2016 2:57:35 PM,105
11/29/2016 2:57:40 PM,111
11/29/2016 2:57:45 PM,113
11/29/2016 2:57:50 PM,116
11/29/2016 2:57:55 PM,118
11/29/2016 2:58:10 PM,115
11/29/2016 2:58:15 PM,110
11/29/2016 2:58:20 PM,106
11/29/2016 2:58:25 PM,107
11/29/2016 2:58:30 PM,102
11/29/2016 2:58:35 PM,97
11/29/2016 2:58:40 PM,97
11/29/2016 2:58:50 PM,98
11/29/2016 2:58:55 PM,100
11/29/2016 2:59:00 PM,101
11/29/2016 2:59:15 PM,101
11/29/2016 2:59:30 PM,101
11/29/2016 2:59:45 PM,101
11/29/2016 3:00:00 PM,101
11/29/2016 3:00:15 PM,101
11/29/2016 3:00:30 PM,101
11/29/2016 3:00:45 PM,101
11/29/2016 3:02:35 PM,143
11/29/2016 3:02:50 PM,143
11/29/2016 3:02:55 PM,148
11/29/2016 3:03:00 PM,70
11/29/2016 3:03:15 PM,70
11/29/2016 3:03:30 PM,70
11/29/2016 3:03:45 PM,70
11/29/2016 3:04:00 PM,70
11/29/2016 3:04:15 PM,70
11/29/2016 3:43:40 PM,96
11/29/2016 3:43:55 PM,96
11/29/2016 4:13:40 PM,96
11/29/2016 4:13:55 PM,96
11/29/2016 4:27:30 PM,96
11/29/2016 4:27:45 PM,96
11/29/2016 4:52:05 PM,104
11/29/2016 4:52:10 PM,101
11/29/2016 4:52:15 PM,98
11/29/2016 4:52:30 PM,96
11/29/2016 4:52:40 PM,95
11/29/2016 4:52:45 PM,93
11/29/2016 4:53:00 PM,93
11/29/2016 4:53:15 PM,93
11/29/2016 4:53:20 PM,88
11/29/2016 4:53:25 PM,95
11/29/2016 4:53:30 PM,99
11/29/2016 4:53:35 PM,95
11/29/2016 4:53:45 PM,96
11/29/2016 4:53:50 PM,97
11/29/2016 4:53:55 PM,99
11/29/2016 4:54:00 PM,100
11/29/2016 4:54:05 PM,101
11/29/2016 4:54:10 PM,103
11/29/2016 4:54:15 PM,102
11/29/2016 4:54:20 PM,104
11/29/2016 4:54:25 PM,103
11/29/2016 4:54:35 PM,100
11/29/2016 4:54:40 PM,98
11/29/2016 4:54:45 PM,93
11/29/2016 4:54:50 PM,89
11/29/2016 4:55:05 PM,87
11/29/2016 4:55:10 PM,87
11/29/2016 4:55:15 PM,85
11/29/2016 4:55:25 PM,84
11/29/2016 4:55:30 PM,84
11/29/2016 4:55:40 PM,86
11/29/2016 4:55:45 PM,88
11/29/2016 4:55:50 PM,91
11/29/2016 4:56:05 PM,91
11/29/2016 4:56:10 PM,95
11/29/2016 4:56:15 PM,96
11/29/2016 4:56:30 PM,96
11/29/2016 4:56:45 PM,96
11/29/2016 4:57:00 PM,96
11/29/2016 4:57:15 PM,96
11/29/2016 5:01:30 PM,99
11/29/2016 5:01:35 PM,96
11/29/2016 5:01:40 PM,92
11/29/2016 5:01:45 PM,88
11/29/2016 5:01:50 PM,90
11/29/2016 5:01:55 PM,92
11/29/2016 5:02:00 PM,91
11/29/2016 5:02:05 PM,94
11/29/2016 5:02:10 PM,96
11/29/2016 5:02:15 PM,98
11/29/2016 5:02:30 PM,98
11/29/2016 5:02:35 PM,99
11/29/2016 5:02:40 PM,98
11/29/2016 5:02:45 PM,93
11/29/2016 5:02:50 PM,92
11/29/2016 5:03:05 PM,92
11/29/2016 5:03:35 PM,94
11/29/2016 5:03:40 PM,95
11/29/2016 5:03:55 PM,95
11/29/2016 5:04:00 PM,97
11/29/2016 5:04:05 PM,99
11/29/2016 5:04:10 PM,101
11/29/2016 5:04:15 PM,105
11/29/2016 5:04:20 PM,109
11/29/2016 5:04:25 PM,106
11/29/2016 5:04:40 PM,102
11/29/2016 5:04:45 PM,101
11/29/2016 5:04:50 PM,97
11/29/2016 5:04:55 PM,99
11/29/2016 5:05:00 PM,103
11/29/2016 5:05:05 PM,106
11/29/2016 5:05:10 PM,111
11/29/2016 5:05:15 PM,109
11/29/2016 5:05:20 PM,107
11/29/2016 5:05:35 PM,107
11/29/2016 5:05:45 PM,107
11/29/2016 5:05:50 PM,70
11/29/2016 5:06:00 PM,69
11/29/2016 5:06:05 PM,77
11/29/2016 5:06:10 PM,92
11/29/2016 5:06:15 PM,101
11/29/2016 5:06:20 PM,107
11/29/2016 5:06:25 PM,105
11/29/2016 5:06:30 PM,108
11/29/2016 5:06:35 PM,110
11/29/2016 5:06:40 PM,108
11/29/2016 5:06:45 PM,107
11/29/2016 5:07:00 PM,106
11/29/2016 5:07:10 PM,103
11/29/2016 5:07:20 PM,99
11/29/2016 5:07:35 PM,100
11/29/2016 5:07:40 PM,101
11/29/2016 5:07:55 PM,101
11/29/2016 5:08:10 PM,101
11/29/2016 5:08:25 PM,101
11/29/2016 5:08:40 PM,101
11/29/2016 5:08:50 PM,101
11/29/2016 5:08:55 PM,70
11/29/2016 5:09:30 PM,99
11/29/2016 5:09:35 PM,102
11/29/2016 5:09:50 PM,102
11/29/2016 5:10:05 PM,102
11/29/2016 5:10:20 PM,102
11/29/2016 5:10:35 PM,102
11/29/2016 5:10:50 PM,102
11/29/2016 5:10:55 PM,70
11/29/2016 5:11:30 PM,119
11/29/2016 5:11:35 PM,119
11/29/2016 5:11:40 PM,118
11/29/2016 5:11:45 PM,116
11/29/2016 5:11:55 PM,114
11/29/2016 5:12:00 PM,113
11/29/2016 5:12:05 PM,117
11/29/2016 5:12:15 PM,118
11/29/2016 5:12:20 PM,120
11/29/2016 5:12:25 PM,119
11/29/2016 5:12:30 PM,118
11/29/2016 5:12:35 PM,121
11/29/2016 5:12:45 PM,124
11/29/2016 5:12:55 PM,123
11/29/2016 5:13:00 PM,124
11/29/2016 5:13:05 PM,126
11/29/2016 5:13:10 PM,125
11/29/2016 5:13:25 PM,125
11/29/2016 5:13:40 PM,125
11/29/2016 5:13:55 PM,125
11/29/2016 5:14:10 PM,125
11/29/2016 5:14:25 PM,125
11/29/2016 5:15:35 PM,121
11/29/2016 5:15:50 PM,121
11/29/2016 5:41:30 PM,121
11/29/2016 5:41:45 PM,121
11/29/2016 5:42:00 PM,97
11/29/2016 5:42:05 PM,153
11/29/2016 5:42:10 PM,128
11/29/2016 5:42:15 PM,132
11/29/2016 5:42:20 PM,123
11/29/2016 5:42:25 PM,120
11/29/2016 5:42:30 PM,126
11/29/2016 5:42:45 PM,126
11/29/2016 5:42:55 PM,127
11/29/2016 5:43:10 PM,125
11/29/2016 5:43:15 PM,123
11/29/2016 5:43:20 PM,120
11/29/2016 5:43:25 PM,117
11/29/2016 5:43:30 PM,115
11/29/2016 5:43:35 PM,112
11/29/2016 5:43:45 PM,112
11/29/2016 5:43:50 PM,111
11/29/2016 5:43:55 PM,109
11/29/2016 5:44:10 PM,109
11/29/2016 5:44:25 PM,109
11/29/2016 5:44:30 PM,70
11/29/2016 5:44:35 PM,103
11/29/2016 5:44:40 PM,111
11/29/2016 5:44:45 PM,103
11/29/2016 5:44:50 PM,97
11/29/2016 5:44:55 PM,89
11/29/2016 5:45:10 PM,89
11/29/2016 5:45:25 PM,89
11/29/2016 5:45:30 PM,89
11/29/2016 5:45:35 PM,87
11/29/2016 5:45:50 PM,91
11/29/2016 5:46:05 PM,91
11/29/2016 5:46:20 PM,91
11/29/2016 5:46:35 PM,91
11/29/2016 5:46:50 PM,91
11/29/2016 5:47:00 PM,70
11/29/2016 5:47:05 PM,123
11/29/2016 5:47:10 PM,132
11/29/2016 5:47:15 PM,127
11/29/2016 5:47:20 PM,123
11/29/2016 5:47:35 PM,123
11/29/2016 5:47:50 PM,123
11/29/2016 5:48:05 PM,123
11/29/2016 5:48:20 PM,123
11/29/2016 5:49:00 PM,94
11/29/2016 5:49:05 PM,96
11/29/2016 5:49:10 PM,106
11/29/2016 5:49:15 PM,111
11/29/2016 5:49:20 PM,105
11/29/2016 5:49:25 PM,104
11/29/2016 5:49:35 PM,103
11/29/2016 5:49:40 PM,105
11/29/2016 5:49:50 PM,106
11/29/2016 5:49:55 PM,107
11/29/2016 5:50:00 PM,109
11/29/2016 5:50:05 PM,110
11/29/2016 5:50:20 PM,110
11/29/2016 5:50:35 PM,110
11/29/2016 5:50:40 PM,110
11/29/2016 5:50:55 PM,110
11/29/2016 5:51:10 PM,110
11/29/2016 6:05:00 PM,128
11/29/2016 6:05:05 PM,123
11/29/2016 6:05:10 PM,117
11/29/2016 6:05:20 PM,114
11/29/2016 6:05:30 PM,113
11/29/2016 6:05:40 PM,109
11/29/2016 6:05:55 PM,109
11/29/2016 6:06:10 PM,109
11/29/2016 6:06:25 PM,109
11/29/2016 6:06:40 PM,109
11/29/2016 6:06:50 PM,70
11/29/2016 6:07:00 PM,71
11/29/2016 6:07:15 PM,71
11/29/2016 6:07:25 PM,76
11/29/2016 6:07:40 PM,76
11/29/2016 6:07:50 PM,63
11/29/2016 6:08:00 PM,57
11/29/2016 6:08:05 PM,56
11/29/2016 6:08:10 PM,60
11/29/2016 6:08:15 PM,62
11/29/2016 6:08:20 PM,65
11/29/2016 6:08:30 PM,67
11/29/2016 6:08:35 PM,68
11/29/2016 6:08:40 PM,74
11/29/2016 6:08:45 PM,78
11/29/2016 6:08:50 PM,82
11/29/2016 6:08:55 PM,87
11/29/2016 6:09:00 PM,90
11/29/2016 6:09:05 PM,92
11/29/2016 6:09:15 PM,95
11/29/2016 6:09:20 PM,94
11/29/2016 6:09:25 PM,92
11/29/2016 6:09:35 PM,91
11/29/2016 6:09:50 PM,91
11/29/2016 6:10:05 PM,91
11/29/2016 6:10:15 PM,90
11/29/2016 6:10:35 PM,88
11/29/2016 6:10:40 PM,87
11/29/2016 6:10:50 PM,88
11/29/2016 6:10:55 PM,90
11/29/2016 6:11:00 PM,89
11/29/2016 6:11:10 PM,91
11/29/2016 6:11:15 PM,93
11/29/2016 6:11:20 PM,95
11/29/2016 6:11:25 PM,97
11/29/2016 6:11:30 PM,100
11/29/2016 6:11:40 PM,104
11/29/2016 6:11:45 PM,103
11/29/2016 6:11:50 PM,101
11/29/2016 6:11:55 PM,100
11/29/2016 6:12:00 PM,101
11/29/2016 6:12:05 PM,102
11/29/2016 6:12:10 PM,106
11/29/2016 6:12:15 PM,107
11/29/2016 6:12:20 PM,108
11/29/2016 6:12:35 PM,108
11/29/2016 6:12:40 PM,107
11/29/2016 6:12:50 PM,106
11/29/2016 6:12:55 PM,108
11/29/2016 6:13:10 PM,108
11/29/2016 6:13:25 PM,108
11/29/2016 6:13:40 PM,107
11/29/2016 6:13:55 PM,107
11/29/2016 6:14:00 PM,106
11/29/2016 6:14:05 PM,105
11/29/2016 6:14:10 PM,101
11/29/2016 6:14:15 PM,100
11/29/2016 6:14:30 PM,100
11/29/2016 6:14:35 PM,98
11/29/2016 6:14:50 PM,98
11/29/2016 6:15:00 PM,99
11/29/2016 6:15:15 PM,99
11/29/2016 6:15:20 PM,101
11/29/2016 6:15:35 PM,101
11/29/2016 6:15:50 PM,101
11/29/2016 6:16:05 PM,101
11/29/2016 6:16:20 PM,101
11/29/2016 6:16:35 PM,101
11/29/2016 6:16:50 PM,101
11/29/2016 6:17:30 PM,89
11/29/2016 6:17:45 PM,95
11/29/2016 6:17:50 PM,97
11/29/2016 6:17:55 PM,101
11/29/2016 6:18:00 PM,104
11/29/2016 6:18:05 PM,107
11/29/2016 6:18:10 PM,109
11/29/2016 6:18:15 PM,112
11/29/2016 6:18:20 PM,111
11/29/2016 6:18:35 PM,111
11/29/2016 6:18:50 PM,111
11/29/2016 6:18:55 PM,70
11/29/2016 6:19:00 PM,108
11/29/2016 6:19:05 PM,111
11/29/2016 6:19:10 PM,110
11/29/2016 6:19:25 PM,114
11/29/2016 6:19:30 PM,117
11/29/2016 6:19:35 PM,115
11/29/2016 6:19:40 PM,109
11/29/2016 6:19:55 PM,109
11/29/2016 6:20:10 PM,109
11/29/2016 6:20:25 PM,70
11/29/2016 6:20:35 PM,78
11/29/2016 6:20:40 PM,89
11/29/2016 6:20:45 PM,80
11/29/2016 6:21:00 PM,80
11/29/2016 6:21:10 PM,61
11/29/2016 6:21:25 PM,61
11/29/2016 6:21:30 PM,57
11/29/2016 6:21:40 PM,49
11/29/2016 6:21:50 PM,49
11/29/2016 6:22:00 PM,49
11/29/2016 6:22:15 PM,49
11/29/2016 6:22:30 PM,49
11/29/2016 6:22:45 PM,49
11/29/2016 6:22:50 PM,48
11/29/2016 6:23:00 PM,49
11/29/2016 6:23:05 PM,49
11/29/2016 6:23:20 PM,49
11/29/2016 6:23:30 PM,49
11/29/2016 6:23:45 PM,49
11/29/2016 6:23:50 PM,53
11/29/2016 6:24:05 PM,53
11/29/2016 6:24:10 PM,54
11/29/2016 6:24:20 PM,57
11/29/2016 6:24:30 PM,57
11/29/2016 6:24:45 PM,57
11/29/2016 6:25:00 PM,57
11/29/2016 6:25:15 PM,57
11/29/2016 6:25:30 PM,57
11/29/2016 6:25:45 PM,57
11/29/2016 6:26:00 PM,57
11/29/2016 6:26:10 PM,58
11/29/2016 6:26:25 PM,58
11/29/2016 6:26:40 PM,58
11/29/2016 6:26:55 PM,58
11/29/2016 6:27:10 PM,58
11/29/2016 6:27:25 PM,58
11/29/2016 6:27:30 PM,58
11/29/2016 6:27:45 PM,58
11/29/2016 6:28:00 PM,58
11/29/2016 6:28:10 PM,58
11/29/2016 6:28:25 PM,58
11/29/2016 6:28:30 PM,58
11/29/2016 6:28:45 PM,58
11/29/2016 6:29:00 PM,58
11/29/2016 6:29:10 PM,59
11/29/2016 6:29:25 PM,59
11/29/2016 6:29:30 PM,59
11/29/2016 6:29:40 PM,59
11/29/2016 6:29:55 PM,59
11/29/2016 6:30:10 PM,59
11/29/2016 6:30:20 PM,59
11/29/2016 6:30:35 PM,59
11/29/2016 6:30:40 PM,59
11/29/2016 6:30:55 PM,59
11/29/2016 6:31:10 PM,59
11/29/2016 6:31:25 PM,59
11/29/2016 6:31:40 PM,59
11/29/2016 6:31:55 PM,59
11/29/2016 6:32:10 PM,59
11/29/2016 6:32:25 PM,59
11/29/2016 7:15:10 PM,70
11/29/2016 7:15:25 PM,70
11/29/2016 7:15:40 PM,70
11/29/2016 7:15:55 PM,70
11/29/2016 7:16:10 PM,70
11/29/2016 7:16:25 PM,70
11/29/2016 7:16:40 PM,70
11/29/2016 7:16:55 PM,70
11/29/2016 7:17:10 PM,70
11/29/2016 7:17:25 PM,70
11/29/2016 7:19:40 PM,117
11/29/2016 7:19:55 PM,117
11/29/2016 7:20:10 PM,117
11/29/2016 7:20:25 PM,117
11/29/2016 7:20:40 PM,117
11/29/2016 7:20:55 PM,117
